Id,Label,Side,Type,Degree,PageRank,Betweenness,Community
2026-04-18,2026-04-18,미상,기타,0,0.9009,0,기타
3·1운동,3·1운동,미상,사건,101,34.8581,18221.85,사건
AGENTS,AGENTS,친일 | 항일 | 중립        # 인물/단체일 때만,인물 | 사건 | 단체 | 지역 | 문헌 | 학교 | 서훈,4,1.9665,32.25,기타
INDEX,INDEX,미상,인덱스,26,14.4349,67.93,기타
START,START,친일,가이드,22,10.9806,1418.7,친일
간도특설대,간도특설대,미상,사건,3,3.3572,200.22,사건
갈홍기,갈홍기,친일,인물,14,3.2767,6.45,친일
강경희,강경희,친일,인물,10,2.8034,6.18,친일
강대련,강대련,친일,인물,10,3.0472,64.54,친일
강동진,강동진,친일,인물,82,16.086,331.71,친일
강동희,강동희,친일,인물,63,10.9069,89.87,친일
강리황,강리황,친일,인물,12,2.9232,14.62,친일
강번,강번,친일,인물,9,2.4879,6.01,친일
강병옥,강병옥,친일,인물,19,3.9753,13.52,친일
강병일,강병일,친일,인물,4,1.9999,4.11,친일
강병찬,강병찬,항일,인물,3,2.3699,0.02,항일
강영수,강영수,항일,인물,4,2.8762,0.03,항일
강영인,강영인,항일,인물,4,2.8762,0.03,항일
강원_고성군_일제잔재,강원_고성군_일제잔재,미상,기타,0,0.9009,0,기타
강은호,강은호,항일,인물,5,3.0752,48.81,항일
강인수,강인수,친일,인물,1,1.6654,0.0,친일
강재호,강재호,친일,인물,10,3.0992,14.99,친일
강태만,강태만,친일,인물,5,2.001,3.21,친일
강필성,강필성,친일,인물,7,2.1095,1.53,친일
강혁선,강혁선,항일,인물,9,5.1685,2.84,항일
강현묵,강현묵,친일,인물,9,3.1462,2.16,친일
경기동,경기동,항일,인물,4,2.9502,0.59,항일
경성,경성,미상,지역,2,1.7013,1.78,지역
경성방송국,경성방송국,미상,단체,38,7.3473,39.08,기타
경성방직,경성방직,미상,단체,14,3.0409,2.65,기타
경성부,경성부,미상,단체,368,69.304,9823.09,기타
경성상공회의소,경성상공회의소,미상,단체,11,2.7391,3.33,기타
경성일보,경성일보,미상,단체,404,78.8403,9746.17,기타
경성전기주식회사,경성전기주식회사,미상,단체,8,2.1348,0.49,기타
경성협찬회,경성협찬회,미상,단체,69,13.611,171.02,기타
경술국치,경술국치,미상,사건,1,1.3933,0.0,사건
경용호,경용호,항일,인물,5,3.3861,0.18,항일
경정복,경정복,항일,인물,4,2.9502,0.59,항일
계광순,계광순,친일,인물,25,5.2412,86.88,친일
계란수,계란수,친일,인물,12,3.1959,20.76,친일
계응규,계응규,친일,인물,8,2.4487,10.35,친일
계정식,계정식,친일,인물,13,3.2131,21.58,친일
계찬겸,계찬겸,친일,인물,3,1.4745,0.68,친일
고긍명,고긍명,친일,인물,3,1.4648,0.42,친일
고영희,고영희,친일,인물,36,8.0926,274.48,친일
고원식,고원식,친일,인물,11,2.7633,4.88,친일
고원훈,고원훈,친일,인물,123,20.6821,898.61,친일
고일청,고일청,친일,인물,21,4.526,163.28,친일
고정순,고정순,친일,인물,2,1.2918,0.44,친일
고중덕,고중덕,친일,인물,9,2.5307,1.71,친일
고피득,고피득,친일,인물,3,1.4354,0.44,친일
고황경,고황경,친일,인물,41,7.5324,150.64,친일
고흥겸,고흥겸,친일,인물,46,8.7499,69.03,친일
고희경,고희경,친일,인물,24,5.2136,23.1,친일
고희준,고희준,친일,인물,43,7.6754,64.61,친일
곽법경,곽법경,친일,인물,5,1.8058,3.9,친일
곽용순,곽용순,항일,인물,7,4.3371,0.51,항일
곽우종,곽우종,항일,인물,5,3.3775,0.21,항일
곽인현,곽인현,항일,인물,5,3.3705,0.18,항일
곽재기,곽재기,항일,인물,9,4.7426,751.47,항일
곽창수,곽창수,항일,인물,5,3.0313,309.49,항일
곽한준,곽한준,항일,인물,4,2.8762,0.03,항일
관동대지진,관동대지진,미상,사건,3,1.5176,0.26,사건
광주_친일잔재,광주_친일잔재,미상,기타,2,2.6981,0.0,기타
광주학생운동,광주학생운동,미상,사건,48,27.9008,54.71,사건
괴산_명덕초등학교,괴산_명덕초등학교,미상,항일학교,15,8.5953,96.23,학교
괴산_연풍초등학교,괴산_연풍초등학교,미상,항일학교,4,2.6782,6.01,학교
괴산_청안초등학교,괴산_청안초등학교,미상,항일학교,6,4.054,0.82,학교
괴산_청천초등학교,괴산_청천초등학교,미상,항일학교,11,7.5076,2.4,학교
괴산군,괴산군,미상,지역,20,12.1213,39.06,지역
구동욱,구동욱,친일,인물,5,1.8916,0.99,친일
구연수,구연수,친일,인물,22,4.7483,107.7,친일
구연행,구연행,항일,인물,5,3.3705,0.18,항일
구자경,구자경,친일,인물,14,3.297,9.01,친일
구자옥,구자옥,친일,인물,31,5.7835,26.95,친일
국민정신총동원조선연맹,국민정신총동원조선연맹,미상,단체,192,33.4475,1976.67,기타
국민총력조선연맹,국민총력조선연맹,미상,단체,262,48.279,3944.93,기타
국민협회,국민협회,미상,단체,109,19.5815,1155.56,기타
국어보급회,국어보급회,미상,단체,1,1.1183,0.0,기타
권봉수,권봉수,친일,인물,4,1.6302,0.53,친일
권상로,권상로,친일,인물,35,6.5211,28.49,친일
권승록,권승록,친일,인물,1,1.0964,0.0,친일
권영길,권영길,항일,인물,5,3.3775,0.21,항일
권오성,권오성,항일,인물,4,2.8762,0.03,항일
권이구,권이구,항일,인물,4,2.8762,0.03,항일
권이득,권이득,항일,인물,4,2.8762,0.03,항일
권인규,권인규,항일,인물,5,3.2975,0.17,항일
권종,권종,항일,인물,4,2.8762,0.03,항일
권중식,권중식,친일,인물,16,3.6479,23.99,친일
권중익,권중익,친일,인물,7,2.2364,2.98,친일
권중현,권중현,친일,인물,56,10.7166,305.41,친일
권중환,권중환,친일,인물,2,1.2882,0.21,친일
권태환,권태환,친일,인물,15,3.4735,19.53,친일
권한성,권한성,항일,인물,4,2.9502,0.59,항일
권혁구,권혁구,항일,인물,4,2.8762,0.03,항일
권혁주,권혁주,친일,인물,5,1.6861,0.41,친일
귀족원,귀족원,미상,단체,69,12.8515,304.32,기타
김갑순,김갑순,친일,인물,44,8.1773,213.17,친일
김경수,김경수,친일,인물,5,1.7667,1.92,친일
김경재,김경재,친일,인물,11,2.925,20.61,친일
김경진,김경진,친일,인물,72,12.6586,559.99,친일
김경환,김경환,친일,인물,6,2.0853,4.24,친일
김관수,김관수,친일,인물,15,3.6219,18.37,친일
김관현,김관현,친일,인물,54,9.7853,280.18,친일
김교선,김교선,항일,인물,4,2.8762,0.03,항일
김교섭,김교섭,항일,인물,4,3.0068,1.55,항일
김교성,김교성,친일,인물,4,1.6302,0.53,친일
김교신,김교신,친일,인물,7,2.4487,3.99,친일
김교환,김교환,항일,인물,6,3.2779,28.3,항일
김규년,김규년,친일,인물,4,1.6511,0.98,친일
김규생,김규생,항일,인물,5,3.3775,0.21,항일
김규창,김규창,친일,인물,19,4.5939,10.23,친일
김규현,김규현,항일,인물,5,3.3775,0.21,항일
김극일,김극일,친일,인물,3,1.425,0.11,친일
김기덕,김기덕,항일,인물,15,7.8807,0.08,항일
김기득,김기득,항일,인물,9,5.1257,3.55,항일
김기선,김기선,항일,인물,4,2.8762,0.03,항일
김기수,김기수,친일,인물,27,5.1758,27.35,친일
김기영,김기영,친일,인물,4,1.641,2.95,친일
김기원,김기원,친일,인물,7,2.3495,1.75,친일
김기진,김기진,친일,인물,76,16.4691,554.11,친일
김기찬,김기찬,항일,인물,4,2.8762,0.03,항일
김기창,김기창,친일,인물,24,5.1918,107.88,친일
김기태,김기태,항일,인물,24,6.8028,9544.49,항일
김기홍,김기홍,친일,인물,21,4.5173,29.5,친일
김길창,김길창,친일,인물,14,3.378,5.73,친일
김낙기,김낙기,항일,인물,14,7.2519,1.56,항일
김낙헌,김낙헌,친일,인물,5,1.762,0.43,친일
김남균,김남균,항일,인물,62,36.5403,595.45,항일
김대용,김대용,항일,인물,4,2.8762,0.03,항일
김대우,김대우,친일,인물,38,7.1807,168.4,친일
김대학,김대학,항일,인물,5,3.3861,0.18,항일
김대환,김대환,항일,인물,4,2.8762,0.03,항일
김덕기,김덕기,친일,인물,11,3.0627,7.95,친일
김덕봉,김덕봉,항일,인물,6,4.0907,0.42,항일
김덕한,김덕한,친일,인물,10,2.7729,10.31,친일
김돈희,김돈희,친일,인물,4,1.6433,1.61,친일
김동구,김동구,항일,인물,4,2.8762,0.03,항일
김동렬,김동렬,친일,인물,11,3.7283,11.35,친일
김동만,김동만,친일,인물,18,4.3461,12.13,친일
김동명,김동명,항일,인물,4,2.8762,0.03,항일
김동선,김동선,항일,인물,7,4.2465,0.47,항일
김동인,김동인,친일,인물,36,7.1991,43.57,친일
김동준,김동준,친일,인물,17,4.0232,29.88,친일
김동진,김동진,친일,인물,48,9.0981,276.55,친일
김동한,김동한,친일,인물,35,8.9891,505.71,친일
김동헌,김동헌,항일,인물,4,2.8762,0.03,항일
김동환,김동환,친일,인물,111,19.155,411.47,친일
김동훈,김동훈,친일,인물,27,5.7502,190.99,친일
김동희,김동희,항일,인물,5,3.3705,0.18,항일
김두일,김두일,친일,인물,9,2.5002,4.2,친일
김두정,김두정,친일,인물,21,4.5693,46.64,친일
김두찬,김두찬,친일,인물,16,3.5139,6.9,친일
김면규,김면규,친일,인물,5,1.8632,1.61,친일
김명규,김명규,친일,인물,9,2.616,17.52,친일
김명수,김명수,친일,인물,13,3.2739,39.82,친일
김명여,김명여,친일,인물,5,1.8461,1.83,친일
김명준,김명준,친일,인물,185,31.2455,2289.86,친일
김문집,김문집,친일,인물,34,6.737,65.58,친일
김문희,김문희,항일,인물,5,3.0609,171.8,항일
김배명,김배명,항일,인물,5,3.3861,0.18,항일
김병규,김병규,친일,인물,37,6.9837,48.07,친일
김병기_1,김병기_1,항일,인물,5,3.3227,0.05,항일
김병기_2,김병기_2,항일,인물,3,2.4072,0.0,항일
김병련,김병련,친일,인물,5,1.9394,3.47,친일
김병룡,김병룡,항일,인물,5,3.3091,3.84,항일
김병수,김병수,항일,인물,5,3.3963,1.04,항일
김병욱,김병욱,친일,인물,18,4.0787,89.46,친일
김병원,김병원,친일,인물,4,1.6177,2.14,친일
김병익,김병익,친일,인물,7,2.1757,6.36,친일
김병제,김병제,친일,인물,24,4.982,42.99,친일
김병태,김병태,친일,인물,12,3.0699,30.62,친일
김병환,김병환,항일,인물,6,3.6417,0.92,항일
김병희,김병희,항일,인물,6,3.8074,0.97,항일
김복원,김복원,친일,인물,9,2.4945,16.27,친일
김복흥,김복흥,항일,인물,4,2.8762,0.03,항일
김봉임,김봉임,항일,인물,6,3.8434,0.6,항일
김사연,김사연,친일,인물,84,14.359,340.6,친일
김사영,김사영,친일,인물,18,4.3769,16.25,친일
김사용,김사용,친일,인물,3,1.4526,0.74,친일
김사철,김사철,친일,인물,9,2.5913,17.93,친일
김상권,김상권,항일,인물,5,3.3775,0.21,항일
김상기,김상기,항일,인물,4,2.8762,0.03,항일
김상면,김상면,항일,인물,5,3.3775,0.21,항일
김상설,김상설,친일,인물,29,5.8107,96.79,친일
김상섭,김상섭,친일,인물,6,1.9329,1.88,친일
김상연,김상연,친일,인물,14,3.3337,11.25,친일
김상용,김상용,항일,인물,5,3.5145,0.53,항일
김상윤,김상윤,항일,인물,6,3.6277,0.65,항일
김상철_1,김상철_1,항일,인물,3,2.4072,0.0,항일
김상철_2,김상철_2,항일,인물,3,2.4072,0.0,항일
김상쾌,김상쾌,항일,인물,6,4.0272,1.56,항일
김상형,김상형,친일,인물,27,5.2789,24.99,친일
김상회,김상회,항일,인물,19,5.4359,7047.13,항일
김서규,김서규,친일,인물,8,2.4048,5.96,친일
김석근,김석근,항일,인물,5,3.3775,0.21,항일
김석기,김석기,친일,인물,8,2.3849,6.45,친일
김석법,김석법,친일,인물,4,2.364,205.77,친일
김석원,김석원,친일,인물,14,3.6296,39.32,친일
김석태,김석태,친일,인물,24,5.0119,106.88,친일
김선흠,김선흠,친일,인물,51,12.0777,252.69,친일
김성규,김성규,친일,인물,15,3.993,23.68,친일
김성근,김성근,친일,인물,14,3.8406,198.68,친일
김성률,김성률,친일,인물,14,3.3379,22.59,친일
김성수,김성수,친일,인물,106,17.8029,493.7,친일
김세곤,김세곤,항일,인물,4,2.9438,0.83,항일
김세완,김세완,친일,인물,4,1.6242,0.72,친일
김세현,김세현,친일,인물,7,2.1496,3.69,친일
김송렬,김송렬,친일,인물,13,4.1669,24.09,친일
김수진,김수진,항일,인물,5,3.2975,0.17,항일
김시권,김시권,친일,인물,50,9.0312,391.76,친일
김시명,김시명,친일,인물,13,3.1589,10.3,친일
김시욱,김시욱,친일,인물,5,1.8668,1.31,친일
김시현,김시현,친일,인물,16,3.865,29.98,친일
김신석,김신석,친일,인물,25,5.0603,48.54,친일
김억,김억,친일,인물,36,7.02,79.27,친일
김여백,김여백,친일,인물,4,1.6651,0.99,친일
김연상,김연상,친일,인물,11,3.3844,59.12,친일
김연수,김연수,친일,인물,84,14.7828,481.22,친일
김영균,김영균,항일,인물,5,3.3775,0.21,항일
김영기,김영기,항일,인물,4,2.8762,0.03,항일
김영길,김영길,친일,인물,10,3.1175,42.93,친일
김영무,김영무,친일,인물,15,3.3581,11.84,친일
김영묵,김영묵,친일,인물,3,1.4895,0.21,친일
김영배,김영배,항일,인물,16,6.4774,4574.01,항일
김영상,김영상,친일,인물,30,5.8491,43.86,친일
김영수,김영수,친일,인물,10,2.7123,8.05,친일
김영우,김영우,항일,인물,5,3.3775,0.21,항일
김영진,김영진,친일,인물,42,9.1244,839.92,친일
김영철,김영철,친일,인물,7,2.4309,87.35,친일
김영택,김영택,친일,인물,14,3.4515,42.49,친일
김영한,김영한,친일,인물,14,3.4647,16.82,친일
김완진,김완진,친일,인물,22,4.7905,150.71,친일
김요성,김요성,항일,인물,5,3.3775,0.21,항일
김용곡,김용곡,친일,인물,3,1.5923,3.44,친일
김용국,김용국,친일,인물,8,2.5153,6.47,친일
김용배,김용배,항일,인물,5,3.3775,0.21,항일
김용설,김용설,항일,인물,5,3.3775,0.21,항일
김용제,김용제,친일,인물,41,8.2276,317.69,친일
김우배,김우배,항일,인물,5,3.3775,0.21,항일
김우영,김우영,친일,인물,28,6.0243,175.09,친일
김원근,김원근,친일,인물,32,7.3743,362.42,친일
김원복,김원복,항일,인물,4,2.8762,0.03,항일
김원봉,김원봉,항일,인물,9,4.9774,1.13,항일
김원석,김원석,항일,인물,4,2.8762,0.03,항일
김유영,김유영,친일,인물,24,5.6718,48.12,친일
김윤득,김윤득,항일,인물,5,3.3775,0.21,항일
김윤복,김윤복,친일,인물,8,2.3212,2.87,친일
김윤정,김윤정,친일,인물,63,11.6031,498.84,친일
김은렬,김은렬,항일,인물,5,3.3775,0.21,항일
김은성,김은성,친일,인물,9,2.6367,8.96,친일
김은호,김은호,친일,인물,27,5.6701,118.4,친일
김응두,김응두,친일,인물,26,5.8232,27.33,친일
김응선,김응선,친일,인물,14,3.4306,20.2,친일
김응순,김응순,친일,인물,15,3.6922,4.42,친일
김응식,김응식,항일,인물,4,2.8762,0.03,항일
김응준,김응준,친일,인물,4,1.6533,7.79,친일
김의배,김의배,항일,인물,4,2.8762,0.03,항일
김인달,김인달,항일,인물,4,2.8762,0.03,항일
김인수,김인수,항일,인물,4,2.8762,0.03,항일
김인승,김인승,친일,인물,59,13.2601,443.68,친일
김인엽,김인엽,친일,인물,3,1.4896,1.63,친일
김인욱,김인욱,친일,인물,12,3.3633,20.5,친일
김인준,김인준,항일,인물,5,3.531,1.09,항일
김일광,김일광,항일,인물,5,3.3775,0.21,항일
김일수,김일수,항일,인물,5,3.2975,0.17,항일
김장배,김장배,항일,인물,5,3.2975,0.17,항일
김장식,김장식,항일,인물,6,3.7918,0.31,항일
김재곤,김재곤,친일,인물,10,2.8177,6.88,친일
김재룡,김재룡,친일,인물,8,2.3758,10.98,친일
김재순,김재순,친일,인물,12,3.0686,5.69,친일
김재열,김재열,친일,인물,8,2.7902,67.94,친일
김재필,김재필,친일,인물,2,1.3996,0.0,친일
김재환,김재환,친일,인물,18,4.2839,146.21,친일
김정국,김정국,친일,인물,21,5.1579,17.31,친일
김정록,김정록,친일,인물,7,2.2678,5.77,친일
김정석,김정석,친일,인물,27,5.2032,20.54,친일
김정태,김정태,친일,인물,4,1.6704,0.65,친일
김정혁,김정혁,친일,인물,14,3.73,11.4,친일
김정호,김정호,친일,인물,38,7.2807,105.22,친일
김제하,김제하,친일,인물,5,1.8108,2.59,친일
김종구,김종구,항일,인물,11,4.7532,3038.82,항일
김종부,김종부,항일,인물,4,2.671,8.75,항일
김종순,김종순,친일,인물,3,1.4793,0.31,친일
김종옥,김종옥,항일,인물,4,2.8762,0.03,항일
김종응,김종응,항일,인물,4,2.9759,0.42,항일
김종한,김종한,친일,인물,38,7.5501,109.36,친일
김종흡,김종흡,친일,인물,32,6.1755,59.97,친일
김준근,김준근,항일,인물,5,3.3775,0.21,항일
김준모,김준모,친일,인물,6,2.0725,7.53,친일
김준용,김준용,친일,인물,3,1.4439,0.15,친일
김준평,김준평,친일,인물,6,2.0055,0.82,친일
김지철,김지철,항일,인물,5,3.3775,0.21,항일
김진수,김진수,친일,인물,21,4.4921,22.54,친일
김진탁,김진탁,친일,인물,5,1.8227,1.46,친일
김진태,김진태,친일,인물,12,3.1417,7.93,친일
김찬규,김찬규,친일,인물,10,3.0299,10.32,친일
김찬욱,김찬욱,친일,인물,6,2.0973,3.77,친일
김찬호,김찬호,항일,인물,7,4.1988,0.9,항일
김찬희,김찬희,친일,인물,3,1.6898,0.44,친일
김창수,김창수,친일,인물,19,4.1285,52.43,친일
김창영,김창영,친일,인물,17,4.3558,58.13,친일
김창한,김창한,친일,인물,16,3.6183,10.84,친일
김창호,김창호,항일,인물,5,3.3861,0.18,항일
김철홍,김철홍,친일,인물,2,1.2918,0.44,친일
김춘성,김춘성,항일,인물,4,2.8762,0.03,항일
김춘희,김춘희,친일,인물,17,3.9432,24.4,친일
김태석,김태석,친일,인물,76,13.9993,753.36,친일
김태성,김태성,항일,인물,4,2.8762,0.03,항일
김태진,김태진,항일,인물,23,6.9334,5774.93,항일
김태집,김태집,친일,인물,22,4.5083,21.77,친일
김태호,김태호,친일,인물,21,4.7927,9.57,친일
김태흡,김태흡,친일,인물,8,2.3343,15.32,친일
김태희,김태희,항일,인물,13,6.4996,86.05,항일
김택림,김택림,친일,인물,1,1.1022,0.0,친일
김택현,김택현,친일,인물,30,6.9545,39.05,친일
김팽조,김팽조,항일,인물,5,3.3775,0.21,항일
김필수,김필수,항일,인물,4,2.8762,0.03,항일
김필희,김필희,친일,인물,5,1.8212,1.02,친일
김하섭,김하섭,친일,인물,17,3.6891,23.52,친일
김학근,김학근,항일,인물,5,3.4858,1.5,항일
김학석,김학석,항일,인물,4,2.8762,0.03,항일
김학성,김학성,친일,인물,7,2.4276,8.06,친일
김학진,김학진,친일,인물,14,3.7674,34.88,친일
김한경,김한경,친일,인물,12,2.9333,14.32,친일
김한규,김한규,친일,인물,52,9.5458,196.98,친일
김한목,김한목,친일,인물,71,14.3908,631.81,친일
김한승,김한승,친일,인물,18,3.8621,7.3,친일
김해룡,김해룡,친일,인물,6,2.3121,15.84,친일
김현구,김현구,항일,인물,11,5.536,5.37,항일
김현수,김현수,친일,인물,7,2.2295,3.4,친일
김형운,김형운,친일,인물,4,1.6515,0.49,친일
김호규,김호규,친일,인물,24,5.1614,20.77,친일
김호성,김호성,항일,인물,4,2.8762,0.03,항일
김홍걸,김홍걸,친일,인물,6,2.0189,1.74,친일
김홍기,김홍기,항일,인물,5,3.3775,0.21,항일
김홍길,김홍길,항일,인물,5,3.3775,0.21,항일
김홍렬,김홍렬,항일,인물,5,3.3775,0.21,항일
김홍육,김홍육,친일,인물,3,1.4641,0.44,친일
김홍준,김홍준,친일,인물,10,3.0058,7.14,친일
김화준,김화준,친일,인물,41,8.0112,147.8,친일
김환,김환,친일,인물,34,6.9464,143.85,친일
김활란,김활란,친일,인물,67,11.8453,255.98,친일
김흥구,김흥구,항일,인물,5,3.3861,0.18,항일
김흥배,김흥배,항일,인물,4,2.8762,0.03,항일
김흥태,김흥태,항일,인물,4,2.8762,0.03,항일
김희덕,김희덕,친일,인물,11,2.9213,23.68,친일
김희영,김희영,친일,인물,7,2.1648,3.85,친일
김희작,김희작,친일,인물,6,2.0037,5.18,친일
나수연,나수연,친일,인물,10,2.6489,23.95,친일
나일봉,나일봉,친일,인물,25,5.0049,18.45,친일
나종의,나종의,항일,인물,5,3.2975,0.17,항일
나진,나진,친일,인물,21,4.9363,38.48,친일
나홍부,나홍부,항일,인물,4,2.8762,0.03,항일
남건희,남건희,항일,인물,5,3.3775,0.21,항일
남궁영,남궁영,친일,인물,98,18.6565,1018.46,친일
남규희,남규희,친일,인물,20,4.4097,32.99,친일
남백우,남백우,친일,인물,25,5.034,27.68,친일
남상학,남상학,항일,인물,4,2.8762,0.03,항일
남장희,남장희,친일,인물,8,2.3058,3.61,친일
남정진,남정진,항일,인물,13,6.7819,1.15,항일
남정철,남정철,친일,인물,28,6.1933,43.44,친일
남필우,남필우,항일,인물,4,2.8762,0.03,항일
남형우,남형우,항일,인물,10,5.2488,0.14,항일
노기남,노기남,친일,인물,14,3.4723,35.18,친일
노기주,노기주,친일,인물,5,1.8566,1.17,친일
노덕술,노덕술,친일,인물,11,2.9892,7.55,친일
노덕우,노덕우,항일,인물,4,2.8762,0.03,항일
노봉우,노봉우,항일,인물,4,2.8762,0.03,항일
노상구,노상구,친일,인물,8,2.4655,12.72,친일
노성석,노성석,친일,인물,22,4.3819,15.73,친일
노연우,노연우,항일,인물,5,3.0609,171.8,항일
노영환,노영환,친일,인물,8,2.4076,9.52,친일
노용호,노용호,친일,인물,10,2.8949,6.18,친일
노의중,노의중,항일,인물,4,2.8762,0.03,항일
노주봉,노주봉,친일,인물,5,2.0936,11.15,친일
노준영,노준영,친일,인물,10,2.5677,4.33,친일
노창성,노창성,친일,인물,29,5.8205,62.2,친일
노창안,노창안,친일,인물,5,1.7659,1.53,친일
노천명,노천명,친일,인물,37,7.1203,74.47,친일
녹기연맹,녹기연맹,미상,단체,35,6.9012,51.36,기타
단경옥,단경옥,항일,인물,9,5.4647,3.16,항일
단양군,단양군,미상,지역,3,2.0877,6.56,지역
대의당,대의당,미상,단체,11,2.6478,4.48,기타
대일본부인회조선본부,대일본부인회조선본부,미상,단체,3,1.3934,0.18,기타
대화동맹,대화동맹,미상,단체,30,5.666,28.9,기타
도선봉,도선봉,항일,인물,5,3.4049,0.93,항일
도재은,도재은,항일,인물,4,2.8762,0.03,항일
도재주,도재주,항일,인물,4,2.8762,0.03,항일
동아일보,동아일보,미상,단체,460,93.0922,12498.57,기타
동양척식주식회사,동양척식주식회사,미상,단체,52,9.9762,125.54,기타
동양척식회사,동양척식회사,미상,단체,26,5.3494,27.19,기타
디자인,디자인,항일,인물,1,1.3977,0.0,항일
류긍규,류긍규,항일,인물,5,3.3861,0.18,항일
류수영,류수영,항일,인물,4,2.8762,0.03,항일
류시환,류시환,친일,인물,14,3.3226,9.78,친일
류신득,류신득,항일,인물,4,2.9691,0.1,항일
류자명,류자명,항일,인물,8,4.7842,30.73,항일
류장열,류장열,항일,인물,15,7.6578,1.4,항일
류재준,류재준,항일,인물,5,3.3775,0.21,항일
류재택,류재택,항일,인물,4,2.8762,0.03,항일
류창렬,류창렬,친일,인물,5,1.7669,0.49,친일
만보산사건,만보산사건,미상,사건,1,1.2224,0.0,사건
만주,만주,미상,지역,1,1.8521,0.0,지역
만주사변,만주사변,미상,사건,209,48.0402,3233.39,사건
매일신보,매일신보,미상,단체,768,159.5341,34550.31,기타
모윤숙,모윤숙,친일,인물,60,10.9315,187.15,친일
문광희,문광희,항일,인물,4,2.8762,0.03,항일
문명근,문명근,항일,인물,5,3.3705,0.18,항일
문명기,문명기,친일,인물,37,7.1066,159.96,친일
문승모,문승모,친일,인물,15,3.7434,68.5,친일
문암동,문암동,항일,인물,4,2.8762,0.03,항일
문종구,문종구,친일,인물,19,4.1038,20.95,친일
민건식,민건식,친일,인물,40,7.4767,106.72,친일
민규식,민규식,친일,인물,67,11.7193,321.93,친일
민규현,민규현,친일,인물,8,2.34,4.86,친일
민노아,민노아,항일,인물,9,4.877,0.48,항일
민문식,민문식,항일,인물,5,3.4203,0.6,항일
민병덕,민병덕,친일,인물,20,4.3964,34.79,친일
민병삼,민병삼,친일,인물,17,4.1284,21.8,친일
민병석,민병석,친일,인물,94,17.101,813.48,친일
민병설,민병설,항일,인물,4,2.8762,0.03,항일
민병성,민병성,친일,인물,7,2.3099,9.61,친일
민병장,민병장,항일,인물,4,2.8762,0.03,항일
민상호,민상호,친일,인물,22,4.6368,33.54,친일
민영규,민영규,친일,인물,25,5.4708,37.36,친일
민영기,민영기,친일,인물,72,12.9945,756.44,친일
민영린,민영린,친일,인물,25,5.4112,47.03,친일
민영소,민영소,친일,인물,29,6.3008,32.1,친일
민영욱,민영욱,친일,인물,24,5.0245,11.91,친일
민영은,민영은,친일,인물,56,10.4135,465.65,친일
민영찬,민영찬,친일,인물,35,6.7431,56.49,친일
민영휘,민영휘,친일,인물,55,10.4302,366.01,친일
민원식,민원식,친일,인물,74,13.5422,292.22,친일
민장식,민장식,항일,인물,5,3.2975,0.17,항일
민재기,민재기,친일,인물,20,4.1526,17.57,친일
민종묵,민종묵,친일,인물,11,2.921,15.79,친일
민철훈,민철훈,친일,인물,31,6.4927,239.44,친일
민충식,민충식,친일,인물,8,2.3166,4.61,친일
민형식,민형식,친일,인물,15,3.7321,32.98,친일
민홍기,민홍기,친일,인물,8,2.3013,3.42,친일
박경석,박경석,친일,인물,22,4.4917,21.06,친일
박경양,박경양,친일,인물,6,1.9491,0.9,친일
박경원,박경원,친일,인물,8,2.3167,3.97,친일
박경호,박경호,친일,인물,54,12.2384,282.88,친일
박관수,박관수,친일,인물,38,6.9915,75.5,친일
박근수,박근수,친일,인물,4,1.6503,0.87,친일
박기동,박기동,친일,인물,10,2.7663,7.46,친일
박기석,박기석,친일,인물,65,11.5859,187.25,친일
박기순,박기순,친일,인물,17,4.0363,22.94,친일
박기양,박기양,친일,인물,28,5.8868,41.59,친일
박기현,박기현,항일,인물,5,3.3963,1.04,항일
박기환,박기환,친일,인물,5,1.8741,1.93,친일
박기효,박기효,친일,인물,26,5.1161,33.98,친일
박남규,박남규,친일,인물,18,4.315,30.56,친일
박노구,박노구,항일,인물,5,3.3309,0.12,항일
박노섭,박노섭,항일,인물,9,5.0804,1.85,항일
박노연,박노연,항일,인물,5,3.3861,0.18,항일
박노필,박노필,항일,인물,6,3.2256,533.56,항일
박노학,박노학,친일,인물,12,3.2462,11.23,친일
박대화,박대화,항일,인물,6,3.7918,0.31,항일
박동묵,박동묵,항일,인물,3,2.3215,0.08,항일
박두영,박두영,친일,인물,39,8.1992,189.82,친일
박래원,박래원,항일,인물,5,3.0639,691.24,항일
박만서,박만서,친일,인물,11,2.9731,12.73,친일
박만순,박만순,항일,인물,5,3.3705,0.18,항일
박명규,박명규,항일,인물,4,2.8762,0.03,항일
박명석,박명석,친일,인물,7,2.1627,3.29,친일
박병희,박병희,항일,인물,6,3.927,1.29,항일
박보양,박보양,친일,인물,47,8.7335,125.87,친일
박봉순,박봉순,항일,인물,12,4.6453,4083.51,항일
박봉주,박봉주,친일,인물,18,4.0416,21.82,친일
박봉진,박봉진,친일,인물,15,3.3448,10.12,친일
박부양,박부양,친일,인물,35,7.0805,94.44,친일
박상익,박상익,항일,인물,5,3.3861,0.18,항일
박상준,박상준,친일,인물,124,20.5794,1009.24,친일
박상희,박상희,항일,인물,5,3.3861,0.18,항일
박서양,박서양,친일,인물,26,5.3323,19.04,친일
박석윤,박석윤,친일,인물,54,10.6446,183.82,친일
박선영,박선영,항일,인물,6,3.8185,1.0,항일
박성필,박성필,항일,인물,4,2.8762,0.03,항일
박순동,박순동,친일,인물,7,2.3051,19.65,친일
박순학,박순학,항일,인물,4,2.8762,0.03,항일
박승린,박승린,항일,인물,5,3.0751,102.5,항일
박승벽,박승벽,친일,인물,3,1.4844,0.63,친일
박승봉,박승봉,친일,인물,27,5.3821,62.79,친일
박승원,박승원,친일,인물,24,5.2084,36.88,친일
박승하,박승하,항일,인물,8,4.5895,0.57,항일
박연서,박연서,친일,인물,39,7.447,81.46,친일
박연수,박연수,항일,인물,4,2.8762,0.03,항일
박영래,박영래,친일,인물,11,3.1505,4.16,친일
박영석,박영석,항일,인물,4,2.8762,0.03,항일
박영준,박영준,항일,인물,4,2.8762,0.03,항일
박영철,박영철,친일,인물,167,28.6641,2244.78,친일
박영호,박영호,친일,인물,22,5.4853,221.37,친일
박영효,박영효,친일,인물,196,35.1652,3896.91,친일
박영희,박영희,친일,인물,57,11.0116,171.52,친일
박완,박완,친일,인물,12,3.1862,57.35,친일
박요섭,박요섭,친일,인물,4,1.9168,1.58,친일
박용구,박용구,친일,인물,95,17.3354,969.77,친일
박용규,박용규,항일,인물,5,3.3775,0.21,항일
박용대,박용대,친일,인물,23,5.3821,285.99,친일
박용섭,박용섭,친일,인물,4,1.9641,0.92,친일
박용현,박용현,친일,인물,3,1.7056,0.21,친일
박용환,박용환,친일,인물,5,1.7808,0.67,친일
박우양,박우양,항일,인물,11,6.1905,3.34,항일
박운양,박운양,항일,인물,5,3.4049,0.93,항일
박원식,박원식,친일,인물,11,3.1274,6.17,친일
박육경,박육경,항일,인물,5,3.3062,0.98,항일
박윤진,박윤진,친일,인물,18,4.1533,18.88,친일
박을수,박을수,친일,인물,9,2.5781,3.25,친일
박의병,박의병,친일,인물,14,3.3568,11.26,친일
박이식,박이식,항일,인물,4,2.8762,0.03,항일
박이양,박이양,친일,인물,52,12.3712,250.47,친일
박인덕,박인덕,친일,인물,63,11.0781,136.48,친일
박인석,박인석,항일,인물,4,2.8762,0.03,항일
박인희,박인희,항일,인물,4,2.8762,0.03,항일
박재홍,박재홍,친일,인물,11,3.0784,97.38,친일
박전규,박전규,항일,인물,5,3.3861,0.18,항일
박정서,박정서,친일,인물,5,1.8375,1.14,친일
박정수,박정수,친일,인물,3,1.4905,0.45,친일
박정순,박정순,친일,인물,5,1.9549,15.71,친일
박제륜,박제륜,친일,인물,7,2.2733,9.7,친일
박제빈,박제빈,친일,인물,25,5.41,76.35,친일
박제선,박제선,친일,인물,8,2.5046,7.4,친일
박제순,박제순,친일,인물,44,8.5525,67.66,친일
박제승,박제승,친일,인물,12,3.0333,15.25,친일
박제환,박제환,친일,인물,9,2.497,20.28,친일
박종렬,박종렬,항일,인물,22,6.1082,8206.63,항일
박종섭,박종섭,항일,인물,4,2.8762,0.03,항일
박종하,박종하,항일,인물,4,2.8762,0.03,항일
박종호,박종호,항일,인물,5,3.3775,0.21,항일
박준병,박준병,친일,인물,16,3.9853,9.04,친일
박중양,박중양,친일,인물,107,19.8366,1507.97,친일
박중화,박중화,항일,인물,9,4.7965,0.14,항일
박지근,박지근,친일,인물,9,2.4846,5.71,친일
박지양,박지양,친일,인물,13,3.505,12.6,친일
박찬범,박찬범,친일,인물,13,3.2191,13.42,친일
박찬영,박찬영,항일,인물,6,4.242,0.7,항일
박창수,박창수,항일,인물,8,4.5372,0.08,항일
박철,박철,친일,인물,11,3.0052,11.23,친일
박철희,박철희,친일,인물,25,5.1393,80.52,친일
박춘금,박춘금,친일,인물,61,11.1095,315.15,친일
박치상,박치상,친일,인물,9,2.7287,16.93,친일
박태석,박태석,항일,인물,6,3.8074,0.97,항일
박필병,박필병,친일,인물,14,3.3789,22.31,친일
박한동,박한동,항일,인물,5,3.3861,0.18,항일
박해묵,박해묵,친일,인물,23,4.8224,56.68,친일
박호근,박호근,친일,인물,5,1.8194,5.53,친일
박홍래,박홍래,항일,인물,3,2.3857,0.08,항일
박홍서,박홍서,항일,인물,5,3.3705,0.18,항일
박화서,박화서,항일,인물,5,3.5002,0.67,항일
박흥규,박흥규,친일,인물,8,2.3224,12.11,친일
박흥식,박흥식,친일,인물,67,11.9512,348.21,친일
박희도,박희도,친일,인물,65,11.4939,167.28,친일
박희양,박희양,친일,인물,8,2.3134,17.26,친일
박희옥,박희옥,친일,인물,38,7.3222,124.56,친일
박희전,박희전,항일,인물,5,3.3861,0.18,항일
반민특위,반민특위,미상,사건,5,2.983,6.42,사건
반병철,반병철,항일,인물,5,3.3309,0.12,항일
반석홍,반석홍,항일,인물,5,3.2975,0.17,항일
방규환,방규환,친일,인물,28,5.6464,84.57,친일
방성희,방성희,항일,인물,5,3.3309,0.12,항일
방순구,방순구,항일,인물,4,2.8762,0.03,항일
방영준,방영준,항일,인물,6,4.242,0.7,항일
방용구,방용구,항일,인물,4,2.8762,0.03,항일
방응모,방응모,친일,인물,84,14.7032,409.03,친일
방의석,방의석,친일,인물,51,9.1475,121.14,친일
방인혁,방인혁,친일,인물,14,3.5209,74.29,친일
방태영,방태영,친일,인물,66,11.835,272.0,친일
방한준,방한준,친일,인물,17,4.0979,20.44,친일
배동석,배동석,항일,인물,4,2.8762,0.03,항일
배동선,배동선,항일,인물,11,5.4835,18.59,항일
배상명,배상명,친일,인물,19,3.9867,17.57,친일
배상하,배상하,친일,인물,14,3.6313,34.84,친일
배정자,배정자,친일,인물,23,5.2088,72.42,친일
배천택,배천택,항일,인물,10,5.207,0.14,항일
백귀동,백귀동,항일,인물,5,3.3775,0.21,항일
백낙삼,백낙삼,친일,인물,5,1.8376,2.4,친일
백낙승,백낙승,친일,인물,15,3.6413,21.86,친일
백낙원,백낙원,친일,인물,15,3.9037,15.54,친일
백낙준,백낙준,친일,인물,20,4.4266,21.95,친일
백남신,백남신,친일,인물,16,3.8103,25.79,친일
백상기,백상기,항일,인물,4,2.8762,0.03,항일
백선엽,백선엽,친일,인물,6,2.2063,3.7,친일
백성수,백성수,친일,인물,3,1.4849,0.22,친일
백세철,백세철,친일,인물,28,5.7257,36.48,친일
백완혁,백완혁,친일,인물,36,7.3495,132.2,친일
백운성,백운성,항일,인물,4,2.8762,0.03,항일
백운일,백운일,항일,인물,4,2.8762,0.03,항일
백윤화,백윤화,미상,단체,5,1.7984,1.24,기타
백인기,백인기,친일,인물,22,4.6158,44.59,친일
백중빈,백중빈,친일,인물,9,2.5664,17.6,친일
백한성,백한성,친일,인물,12,3.4369,22.21,친일
백형린,백형린,친일,인물,4,1.6593,3.55,친일
백홍석,백홍석,친일,인물,8,2.4777,1.86,친일
백흥기,백흥기,친일,인물,13,3.1659,3.57,친일
변상만,변상만,항일,인물,4,2.8762,0.03,항일
변영봉,변영봉,항일,인물,6,4.0371,0.0,항일
변옥주,변옥주,친일,인물,7,2.1228,3.27,친일
변일,변일,친일,인물,10,2.8906,10.42,친일
보은_관기초등학교,보은_관기초등학교,미상,항일학교,4,2.7513,9.57,학교
보은군,보은군,미상,지역,4,2.7686,1.5,지역
"불망_01_영세불망, 다시 기억 전쟁을 벌이며","불망_01_영세불망, 다시 기억 전쟁을 벌이며",미상,문헌,9,4.0203,1496.07,기타
불망_02_괴산 지역의 친일 잔재,불망_02_괴산 지역의 친일 잔재,미상,문헌,4,2.0323,79.09,기타
불망_03_단양 지역의 친일 잔재,불망_03_단양 지역의 친일 잔재,미상,문헌,10,3.1269,117.38,기타
불망_04_보은·영동 지역의 친일 잔재,불망_04_보은·영동 지역의 친일 잔재,미상,문헌,7,2.9816,133.41,기타
불망_05_옥천 지역의 친일 잔재,불망_05_옥천 지역의 친일 잔재,미상,문헌,7,2.7185,75.66,기타
불망_06_음성·진천 지역의 친일 잔재,불망_06_음성·진천 지역의 친일 잔재,미상,문헌,8,3.2527,103.32,기타
불망_07_제천 지역의 친일 잔재,불망_07_제천 지역의 친일 잔재,미상,문헌,1,1.4911,0.0,기타
불망_08_청주 지역의 친일 잔재,불망_08_청주 지역의 친일 잔재,미상,문헌,11,3.3244,1421.17,기타
불망_09_충주 지역의 친일 잔재,불망_09_충주 지역의 친일 잔재,미상,문헌,19,5.1013,240.47,기타
불망_10_반민특위의 좌절과 충북의 친일 잔재,불망_10_반민특위의 좌절과 충북의 친일 잔재,미상,문헌,16,4.5527,1452.15,기타
사상희,사상희,항일,인물,4,2.8762,0.03,항일
상호,상호,친일,인물,257,49.4299,4589.72,친일
서광제,서광제,친일,인물,16,3.8754,11.62,친일
서광준,서광준,항일,인물,5,3.2975,0.17,항일
서병조,서병조,친일,인물,60,10.8003,187.27,친일
서병주,서병주,친일,인물,17,3.834,20.77,친일
서상경,서상경,항일,인물,11,5.8902,0.93,항일
서상락,서상락,항일,인물,9,4.7769,0.99,항일
서상훈,서상훈,친일,인물,7,2.0912,2.29,친일
서완석,서완석,항일,인물,5,3.3861,0.18,항일
서정주,서정주,친일,인물,8,2.3179,1.84,친일
서지혜,서지혜,항일,인물,2,1.9076,0.0,항일
서창보,서창보,친일,인물,21,5.1208,55.86,친일
서춘,서춘,친일,인물,59,10.8233,232.77,친일
서택준,서택준,항일,인물,5,3.3705,0.18,항일
서항석,서항석,친일,인물,18,4.3566,28.4,친일
서회보,서회보,친일,인물,4,1.7105,1.08,친일
석명선,석명선,친일,인물,52,9.3751,351.98,친일
석진형,석진형,친일,인물,29,5.6108,45.65,친일
선우갑,선우갑,친일,인물,28,5.5511,34.88,친일
선우순,선우순,친일,인물,39,7.4924,195.26,친일
선우일,선우일,친일,인물,33,6.5405,47.63,친일
성경호,성경호,항일,인물,5,3.4322,1.22,항일
성기운,성기운,친일,인물,18,4.3508,86.1,친일
성낙일,성낙일,항일,인물,8,5.2326,1.12,항일
성낙현,성낙현,항일,인물,5,3.2975,0.17,항일
성원경,성원경,친일,인물,48,8.4866,97.5,친일
성일용,성일용,친일,인물,8,2.4486,3.15,친일
성주경,성주경,친일,인물,9,2.7194,8.96,친일
성주학,성주학,항일,인물,5,3.3861,0.18,항일
성하국,성하국,친일,인물,4,1.6302,0.53,친일
소진은,소진은,친일,인물,2,1.2882,0.21,친일
손경임,손경임,항일,인물,4,2.8762,0.03,항일
손경호,손경호,항일,인물,5,3.2975,0.17,항일
손명희,손명희,항일,인물,10,5.4736,2.37,항일
손병희,손병희,항일,인물,5,3.3468,0.0,항일
손석구,손석구,항일,인물,5,3.3861,0.18,항일
손석균,손석균,항일,인물,5,3.3775,0.21,항일
손승억,손승억,항일,인물,7,4.1469,19.87,항일
손영목,손영목,친일,인물,46,8.189,95.67,친일
손응성,손응성,항일,인물,4,2.8762,0.03,항일
손재하,손재하,친일,인물,46,8.9,242.34,친일
손정규,손정규,친일,인물,51,9.0101,58.75,친일
손정룡,손정룡,친일,인물,16,4.0647,14.31,친일
손조봉,손조봉,친일,인물,6,1.936,2.17,친일
손지환,손지환,친일,인물,9,2.6449,4.17,친일
손창식,손창식,친일,인물,10,2.7728,21.61,친일
손해석,손해석,항일,인물,5,3.3861,0.18,항일
손홍원,손홍원,친일,인물,18,4.6029,211.4,친일
송국헌,송국헌,항일,인물,5,3.3861,0.18,항일
송금선,송금선,친일,인물,55,9.7678,142.55,친일
송명호,송명호,항일,인물,6,3.8434,0.6,항일
송무현,송무현,친일,인물,16,4.059,25.06,친일
송문헌,송문헌,친일,인물,30,6.1032,63.36,친일
송문화,송문화,친일,인물,39,7.216,67.98,친일
송병기,송병기,항일,인물,5,3.3861,0.18,항일
송병준,송병준,친일,인물,125,24.2898,1411.13,친일
송병학,송병학,항일,인물,4,2.8762,0.03,항일
송석하,송석하,친일,인물,8,2.672,5.19,친일
송선영,송선영,항일,인물,4,2.8762,0.03,항일
송순기,송순기,친일,인물,8,2.3343,12.44,친일
송재관,송재관,항일,인물,4,2.8762,0.03,항일
송재린,송재린,항일,인물,15,7.5831,1.15,항일
송재철,송재철,항일,인물,4,2.8762,0.03,항일
송종헌,송종헌,친일,인물,36,6.8884,184.43,친일
송주순,송주순,친일,인물,5,1.8027,0.96,친일
송지헌,송지헌,친일,인물,38,7.4525,160.38,친일
송찬도,송찬도,친일,인물,20,4.3581,23.99,친일
송헌빈,송헌빈,친일,인물,4,1.6302,0.53,친일
송화식,송화식,친일,인물,23,4.5395,7.56,친일
수양단조선연합회,수양단조선연합회,미상,단체,9,2.4474,4.45,기타
시중회,시중회,미상,단체,31,5.8337,15.83,기타
신강우,신강우,항일,인물,4,2.8762,0.03,항일
신건양,신건양,항일,인물,4,2.8762,0.03,항일
신경호,신경호,항일,인물,5,3.3775,0.21,항일
신광희,신광희,친일,인물,27,5.9236,44.25,친일
신긍우,신긍우,항일,인물,4,2.8762,0.03,항일
신기석,신기석,친일,인물,45,9.9969,99.74,친일
신동현,신동현,항일,인물,4,2.8762,0.03,항일
신두식,신두식,항일,인물,5,3.3775,0.21,항일
신민,신민,항일,인물,9,4.8201,0.38,항일
신백우,신백우,항일,인물,9,4.7161,0.14,항일
신봉조,신봉조,친일,인물,27,6.1232,426.74,친일
신상호,신상호,친일,인물,8,2.3893,17.39,친일
신석동,신석동,항일,인물,4,2.8762,0.03,항일
신석린,신석린,친일,인물,114,19.7345,1425.64,친일
신석우,신석우,친일,인물,22,4.6309,36.56,친일
신석휴,신석휴,항일,인물,6,3.2603,221.26,항일
신성우,신성우,항일,인물,4,2.8762,0.03,항일
신성철,신성철,항일,인물,4,2.8762,0.03,항일
신세철,신세철,항일,인물,3,2.4072,0.0,항일
신숙,신숙,항일,인물,4,2.9689,0.58,항일
신양재,신양재,친일,인물,3,1.4724,2.72,친일
신용욱,신용욱,친일,인물,16,3.4848,20.7,친일
신우균,신우균,친일,인물,14,3.8604,48.81,친일
신우선,신우선,친일,인물,7,2.2107,2.08,친일
신우호,신우호,항일,인물,3,2.4072,0.0,항일
신운경,신운경,항일,인물,3,2.4129,0.0,항일
신응균,신응균,친일,인물,5,1.8114,1.61,친일
신응희,신응희,친일,인물,47,9.6215,48.44,친일
신재영,신재영,친일,인물,5,2.8964,207.49,친일
신정식,신정식,항일,인물,3,2.4072,0.0,항일
신정언,신정언,친일,인물,11,3.2563,13.18,친일
신정호,신정호,항일,인물,3,2.4072,0.0,항일
신창범,신창범,항일,인물,3,2.4812,0.37,항일
신창휴,신창휴,친일,인물,10,2.8257,34.25,친일
신철휴,신철휴,항일,인물,10,5.3448,0.04,항일
신태건,신태건,친일,인물,6,1.9825,1.83,친일
신태동,신태동,항일,인물,14,6.9823,7.21,항일
신태성,신태성,항일,인물,3,2.4072,0.0,항일
신태악,신태악,친일,인물,53,9.3693,161.85,친일
신태영,신태영,친일,인물,14,3.7353,34.38,친일
신태유,신태유,친일,인물,7,2.1576,12.98,친일
신태항,신태항,친일,인물,12,3.1665,30.44,친일
신학성,신학성,항일,인물,4,2.9509,4.99,항일
신현구,신현구,친일,인물,58,10.3338,144.72,친일
신현규,신현규,친일,인물,7,2.2478,2.95,친일
신현빈,신현빈,항일,인물,3,2.4812,0.37,항일
신현준,신현준,친일,인물,16,4.8086,28.58,친일
신현직,신현직,항일,인물,12,6.229,0.79,항일
신형식,신형식,항일,인물,27,12.7729,57.91,항일
신횡호,신횡호,항일,인물,9,5.0757,0.93,항일
신흥우,신흥우,친일,인물,68,11.7355,333.79,친일
신희련,신희련,친일,인물,15,3.4331,16.48,친일
심선택,심선택,친일,인물,10,2.6285,10.22,친일
심양진,심양진,항일,인물,3,2.4072,0.0,항일
심우섭,심우섭,친일,인물,28,5.549,39.03,친일
심의진,심의진,친일,인물,3,1.6492,1.52,친일
심형구,심형구,친일,인물,19,4.3291,50.38,친일
심환진,심환진,친일,인물,20,4.3247,30.08,친일
안귀봉,안귀봉,항일,인물,3,2.4072,0.0,항일
안병규,안병규,항일,인물,3,2.4072,0.0,항일
안병길,안병길,친일,인물,11,2.8197,28.55,친일
안석귀,안석귀,항일,인물,3,2.4072,0.0,항일
안석주,안석주,친일,인물,14,3.4579,19.25,친일
안성봉,안성봉,항일,인물,4,2.9171,0.07,항일
안승은,안승은,항일,인물,3,2.4072,0.0,항일
안승환,안승환,항일,인물,3,2.4072,0.0,항일
안용백,안용백,친일,인물,7,2.1061,5.58,친일
안용희,안용희,친일,인물,12,3.1071,10.8,친일
안인식,안인식,친일,인물,66,11.3843,141.52,친일
안정호,안정호,친일,인물,13,3.5284,36.87,친일
안종철,안종철,친일,인물,53,9.9983,357.06,친일
안창호,안창호,친일,인물,27,6.3189,232.02,친일
안태준,안태준,친일,인물,14,3.6314,16.97,친일
안희상,안희상,항일,인물,3,2.4072,0.0,항일
안희제,안희제,항일,인물,11,5.6117,0.14,항일
양래원,양래원,항일,인물,4,2.9171,0.07,항일
양봉명,양봉명,항일,인물,5,3.3383,0.77,항일
양성순,양성순,친일,인물,11,2.9008,5.03,친일
양익현,양익현,친일,인물,6,2.0986,6.98,친일
양재성,양재성,항일,인물,12,6.0397,5.04,항일
양재익,양재익,친일,인물,18,4.3604,7.2,친일
양재창,양재창,친일,인물,37,6.8598,67.68,친일
양재하,양재하,친일,인물,11,2.9209,4.79,친일
양재홍,양재홍,친일,인물,10,2.6282,6.73,친일
양정묵,양정묵,친일,인물,11,2.9519,8.22,친일
양주삼,양주삼,친일,인물,51,8.9736,86.78,친일
어담,어담,친일,인물,23,4.7861,22.78,친일
어윤적,어윤적,친일,인물,17,3.8575,30.89,친일
엄익래,엄익래,항일,인물,6,4.0371,0.0,항일
엄재록,엄재록,항일,인물,6,3.954,2.03,항일
엄주명,엄주명,친일,인물,12,3.0082,8.88,친일
엄주익,엄주익,친일,인물,18,4.1621,22.28,친일
엄준원,엄준원,친일,인물,71,15.6961,603.03,친일
엄중섭,엄중섭,항일,인물,4,2.8284,0.05,항일
엄창섭,엄창섭,친일,인물,30,5.9273,91.96,친일
엄태영,엄태영,친일,인물,5,1.8027,0.84,친일
여구현,여구현,친일,인물,4,1.668,1.09,친일
연병룡,연병룡,항일,인물,5,3.3808,40.73,항일
연석희,연석희,항일,인물,3,2.4072,0.0,항일
연성희,연성희,항일,인물,3,2.4072,0.0,항일
연정희,연정희,항일,인물,4,2.9015,0.0,항일
연질,연질,항일,인물,4,2.6,70.28,항일
염중모,염중모,친일,인물,32,6.1345,114.08,친일
영동_영동초등학교,영동_영동초등학교,미상,항일학교,7,4.6272,0.97,학교
영동_황간초등학교,영동_황간초등학교,미상,항일학교,7,4.7256,1.8,학교
영동군,영동군,미상,지역,11,6.9163,15.46,지역
예종석,예종석,친일,인물,41,7.7629,93.96,친일
오경식,오경식,항일,인물,4,2.9171,0.07,항일
오광은,오광은,친일,인물,3,1.4761,0.43,친일
오긍선,오긍선,친일,인물,49,8.7899,90.49,친일
오두환,오두환,친일,인물,9,2.5534,6.96,친일
오문강,오문강,친일,인물,4,1.6715,1.38,친일
오문식,오문식,항일,인물,4,2.9015,0.0,항일
오병구,오병구,항일,인물,3,2.4072,0.0,항일
오병기,오병기,항일,인물,3,2.4072,0.0,항일
오병숙,오병숙,항일,인물,3,2.4072,0.0,항일
오병욱,오병욱,친일,인물,3,1.52,0.94,친일
오병학,오병학,항일,인물,4,2.6404,45.91,항일
오봉식,오봉식,항일,인물,3,2.4072,0.0,항일
오석영,오석영,항일,인물,15,7.5094,16.87,항일
오성환,오성환,항일,인물,6,3.8074,0.97,항일
오세윤,오세윤,친일,인물,4,1.714,1.88,친일
오세호,오세호,친일,인물,11,2.982,14.21,친일
오승균,오승균,항일,인물,4,2.9171,0.07,항일
오시용,오시용,항일,인물,3,2.4072,0.0,항일
오언영,오언영,항일,인물,10,6.029,3.72,항일
오영전,오영전,친일,인물,2,1.9009,0.0,친일
오완수,오완수,친일,인물,4,1.7172,0.02,친일
오용근,오용근,항일,인물,4,2.8284,0.05,항일
오재풍,오재풍,친일,인물,8,2.3851,20.14,친일
오제영,오제영,친일,인물,8,2.3665,1.16,친일
오준학,오준학,항일,인물,4,2.9273,0.71,항일
오태환,오태환,친일,인물,49,8.9733,143.42,친일
오해건,오해건,친일,인물,3,1.4761,0.43,친일
옥천_죽향초등학교,옥천_죽향초등학교,미상,항일학교,4,2.7442,8.27,학교
옥천군,옥천군,미상,지역,4,2.7352,8.42,지역
우병철,우병철,항일,인물,3,2.4932,0.0,항일
원덕상,원덕상,친일,인물,123,20.3285,1157.79,친일
원병희,원병희,친일,인물,10,2.6494,4.53,친일
원세기,원세기,친일,인물,18,4.4052,12.11,친일
원용국,원용국,친일,인물,6,1.9884,1.98,친일
원응상,원응상,친일,인물,28,5.4094,24.61,친일
원의상,원의상,친일,인물,5,1.7849,0.86,친일
원종억,원종억,친일,인물,9,2.7411,21.97,친일
원진희,원진희,친일,인물,4,1.6527,0.63,친일
원충희,원충희,항일,인물,4,2.9015,0.0,항일
위기철,위기철,친일,인물,39,7.6931,107.38,친일
위정학,위정학,친일,인물,9,2.44,4.17,친일
유각경,유각경,친일,인물,35,6.5048,45.09,친일
유관희,유관희,친일,인물,11,2.9386,5.94,친일
유광렬,유광렬,친일,인물,33,6.6216,75.81,친일
유구순,유구순,항일,인물,6,3.9363,2.8,항일
유기성,유기성,친일,인물,7,2.0833,2.58,친일
유기호,유기호,친일,인물,5,1.7862,0.3,친일
유동작,유동작,친일,인물,4,1.8341,2.97,친일
유두환,유두환,친일,인물,14,3.572,8.57,친일
유만겸,유만겸,친일,인물,44,7.9841,151.01,친일
유맹,유맹,친일,인물,15,3.5502,21.65,친일
유빈겸,유빈겸,친일,인물,4,1.6318,0.15,친일
유석보,유석보,항일,인물,8,4.7842,30.73,항일
유성준,유성준,친일,인물,34,6.7372,92.55,친일
유승운,유승운,친일,인물,10,2.7945,7.07,친일
유승흠,유승흠,친일,인물,27,5.53,118.58,친일
유신득,유신득,항일,인물,3,2.426,0.0,항일
유억겸,유억겸,친일,인물,74,12.6851,218.66,친일
유영,유영,친일,인물,39,8.9389,273.81,친일
유익환,유익환,친일,인물,6,2.048,7.57,친일
유인호,유인호,항일,인물,3,2.4072,0.0,항일
유일선,유일선,친일,인물,25,5.1102,20.24,친일
유정목,유정목,항일,인물,5,3.3744,0.29,항일
유정수,유정수,친일,인물,39,7.303,66.88,친일
유정식,유정식,항일,인물,3,2.4072,0.0,항일
유중희,유중희,친일,인물,6,2.3131,4.91,친일
유진명,유진명,친일,인물,20,4.2672,29.15,친일
유진순,유진순,친일,인물,101,17.3887,718.35,친일
유진오,유진오,친일,인물,33,6.482,27.71,친일
유진찬,유진찬,친일,인물,26,5.1584,16.07,친일
유진후,유진후,친일,인물,9,3.404,203.15,친일
유치진,유치진,친일,인물,35,7.5647,170.73,친일
유태설,유태설,친일,인물,46,8.3744,85.88,친일
유학주,유학주,친일,인물,26,6.0172,26.8,친일
유혁로,유혁로,친일,인물,33,6.5035,86.95,친일
유홍순,유홍순,친일,인물,47,10.0348,114.83,친일
유흥세,유흥세,친일,인물,11,2.856,30.05,친일
육동전,육동전,항일,인물,5,3.3227,0.05,항일
육추원,육추원,항일,인물,3,2.4072,0.0,항일
윤갑병,윤갑병,친일,인물,72,12.7716,401.65,친일
윤강로,윤강로,친일,인물,3,1.4238,0.2,친일
윤경훈,윤경훈,항일,인물,3,2.4275,0.0,항일
윤관,윤관,친일,인물,3,1.5062,0.36,친일
윤기택,윤기택,항일,인물,3,2.4072,0.0,항일
윤낙현,윤낙현,항일,인물,4,2.9171,0.07,항일
윤덕영,윤덕영,친일,인물,197,35.1761,3749.77,친일
윤동섭,윤동섭,항일,인물,4,2.9171,0.07,항일
윤두헌,윤두헌,친일,인물,7,2.1063,4.06,친일
윤명선,윤명선,친일,인물,11,3.0033,1.31,친일
윤무영,윤무영,항일,인물,3,2.3375,0.17,항일
윤병덕,윤병덕,항일,인물,4,2.8284,0.05,항일
윤상필,윤상필,친일,인물,27,6.1915,42.24,친일
윤상희,윤상희,친일,인물,11,2.8214,3.17,친일
윤성훈,윤성훈,항일,인물,4,2.9374,0.32,항일
윤소룡,윤소룡,항일,인물,25,11.6709,70.33,항일
윤시병,윤시병,친일,인물,8,2.3701,5.65,친일
윤옹용,윤옹용,항일,인물,4,2.9085,0.13,항일
윤용식,윤용식,항일,인물,6,3.6464,16.13,항일
윤웅렬,윤웅렬,친일,인물,6,1.9357,4.86,친일
윤의섭,윤의섭,친일,인물,12,2.9382,5.51,친일
윤정섭,윤정섭,항일,인물,5,3.3227,0.05,항일
윤정식,윤정식,친일,인물,27,6.3275,70.52,친일
윤정현,윤정현,친일,인물,8,2.249,5.99,친일
윤주영,윤주영,항일,인물,5,3.3592,0.48,항일
윤치소,윤치소,친일,인물,23,4.7777,82.44,친일
윤치오,윤치오,친일,인물,28,5.727,43.39,친일
윤치호,윤치호,친일,인물,175,30.3191,2641.96,친일
윤태빈,윤태빈,친일,인물,40,7.9492,249.18,친일
윤택영,윤택영,친일,인물,46,8.7907,103.29,친일
윤필오,윤필오,친일,인물,20,4.2576,22.16,친일
윤형섭,윤형섭,항일,인물,5,3.3561,0.0,항일
윤홍용,윤홍용,항일,인물,3,2.4072,0.0,항일
은한섭,은한섭,친일,인물,0,0.9009,0,친일
을사조약,을사조약,미상,사건,77,17.3998,223.42,사건
음대영,음대영,항일,인물,5,3.4449,0.5,항일
음성_무극초등학교,음성_무극초등학교,미상,항일학교,4,3.0026,1.0,학교
음성군,음성군,미상,지역,9,6.7613,15.42,지역
이각종,이각종,친일,인물,66,11.2673,251.69,친일
이갑,이갑,항일,인물,4,2.8373,15.97,항일
이갑녕,이갑녕,친일,인물,10,3.0241,19.6,친일
이갑용,이갑용,친일,인물,6,2.0827,12.12,친일
이강렴,이강렴,항일,인물,10,5.9485,0.97,항일
이강식,이강식,친일,인물,5,2.0024,1.51,친일
이강원,이강원,친일,인물,14,3.6128,43.74,친일
이강혁,이강혁,친일,인물,22,4.5406,59.98,친일
이강호,이강호,항일,인물,6,3.6526,19.87,항일
이건간,이건간,항일,인물,9,5.4429,32.7,항일
이건춘,이건춘,친일,인물,6,1.9474,14.5,친일
이건하,이건하,친일,인물,9,2.7169,17.15,친일
이겸제,이겸제,친일,인물,49,8.9526,250.72,친일
이경빈,이경빈,친일,인물,6,2.3884,1.87,친일
이경식,이경식,친일,인물,49,9.8674,441.17,친일
이경우,이경우,친일,인물,7,2.269,1.96,친일
이경재,이경재,친일,인물,17,3.9683,17.32,친일
이경화,이경화,친일,인물,3,1.4553,0.52,친일
이계한,이계한,친일,인물,7,2.1331,6.39,친일
이관연,이관연,항일,인물,5,3.4575,0.82,항일
이관호,이관호,친일,인물,3,1.9186,117.75,친일
이광수,이광수,친일,인물,101,18.1226,465.87,친일
이교식,이교식,친일,인물,15,3.5021,16.18,친일
이교환,이교환,항일,인물,4,2.9015,0.0,항일
이규완,이규완,친일,인물,64,12.3956,155.51,친일
이규원,이규원,친일,인물,102,19.0579,801.41,친일
이규철,이규철,항일,인물,3,2.4072,0.0,항일
이규환,이규환,친일,인물,26,5.9637,70.71,친일
이근명,이근명,친일,인물,20,4.5943,20.31,친일
이근상,이근상,친일,인물,43,8.346,121.93,친일
이근성,이근성,항일,인물,3,2.4072,0.0,항일
이근수,이근수,친일,인물,10,2.7133,7.21,친일
이근영,이근영,항일,인물,4,2.8284,0.05,항일
이근우,이근우,친일,인물,73,13.2589,312.22,친일
이근창,이근창,친일,인물,7,2.1493,13.96,친일
이근택,이근택,친일,인물,37,7.5558,224.5,친일
이근호,이근호,친일,인물,20,4.3615,52.55,친일
이금영,이금영,항일,인물,3,2.4072,0.0,항일
이기동,이기동,친일,인물,25,5.6932,66.24,친일
이기방,이기방,친일,인물,10,2.6162,11.83,친일
이기성,이기성,항일,인물,3,2.4072,0.0,항일
이기세,이기세,친일,인물,17,3.819,18.55,친일
이기승,이기승,친일,인물,19,3.9856,16.02,친일
이기용,이기용,친일,인물,53,9.8905,167.19,친일
이기원,이기원,친일,인물,9,2.8716,8.78,친일
이기찬,이기찬,친일,인물,65,11.6751,519.26,친일
이길영,이길영,항일,인물,5,3.3744,0.29,항일
이능세,이능세,친일,인물,16,3.7295,15.23,친일
이능화,이능화,친일,인물,34,6.673,143.11,친일
이단,이단,항일,인물,16,4.9051,4894.65,항일
이달용,이달용,친일,인물,75,13.7499,334.19,친일
이대세,이대세,항일,인물,5,3.3227,0.05,항일
이대영,이대영,친일,인물,34,6.4384,42.71,친일
이대훈,이대훈,항일,인물,5,3.2831,0.12,항일
이덕용,이덕용,친일,인물,12,3.0083,7.78,친일
이덕주,이덕주,친일,인물,35,7.1173,71.35,친일
이덕호,이덕호,항일,인물,2,1.9129,0.0,항일
이도익,이도익,친일,인물,12,2.9051,11.65,친일
이돈화,이돈화,친일,인물,22,4.4089,14.65,친일
이동성,이동성,친일,인물,14,3.4778,22.56,친일
이동우,이동우,친일,인물,36,7.0209,92.85,친일
이동욱,이동욱,친일,인물,12,3.0838,27.7,친일
이동찬,이동찬,항일,인물,5,3.2831,0.12,항일
이동혁,이동혁,친일,인물,23,4.675,18.63,친일
이동화,이동화,친일,인물,34,6.9736,334.13,친일
이동훈,이동훈,친일,인물,9,2.4666,5.26,친일
이두황,이두황,친일,인물,31,6.6031,14.5,친일
이만규,이만규,친일,인물,20,4.4362,35.44,친일
이만호,이만호,항일,인물,4,2.9085,0.13,항일
이명구,이명구,친일,인물,79,14.3702,590.79,친일
이명선,이명선,항일,인물,4,2.9171,0.07,항일
이명섭,이명섭,친일,인물,9,2.6677,3.47,친일
이명세,이명세,친일,인물,12,2.8967,10.39,친일
이명우,이명우,항일,인물,3,2.4072,0.0,항일
이명흠,이명흠,친일,인물,5,1.8901,6.18,친일
이묘묵,이묘묵,친일,인물,21,4.4954,24.45,친일
이무영,이무영,친일,인물,22,5.0017,115.14,친일
이민우,이민우,항일,인물,2,2.0365,0.0,항일
이민호,이민호,친일,인물,6,2.1778,6.73,친일
이방규,이방규,항일,인물,4,2.9085,0.13,항일
이범관,이범관,친일,인물,6,2.0029,6.37,친일
이범래,이범래,친일,인물,13,3.1213,10.58,친일
이범승,이범승,항일,인물,6,3.8691,0.0,항일
이범익,이범익,친일,인물,43,10.1817,439.99,친일
이범찬,이범찬,친일,인물,14,3.6627,7.49,친일
이범철,이범철,친일,인물,13,3.4737,5.8,친일
이범팔,이범팔,친일,인물,6,2.14,2.6,친일
이범학,이범학,항일,인물,3,2.5068,0.0,항일
이벽송,이벽송,친일,인물,2,1.2918,0.44,친일
이병길,이병길,친일,인물,83,14.6043,487.06,친일
이병렬,이병렬,친일,인물,52,9.2112,85.87,친일
이병무,이병무,친일,인물,36,7.1654,60.18,친일
이병석,이병석,항일,인물,5,3.4378,0.0,항일
이병식,이병식,친일,인물,8,2.365,3.98,친일
이병열,이병열,항일,인물,3,2.4072,0.0,항일
이병옥,이병옥,친일,인물,7,2.1278,4.86,친일
이병주,이병주,친일,인물,6,1.9203,1.67,친일
이병학,이병학,친일,인물,62,13.0507,478.36,친일
이복연,이복연,항일,인물,4,2.9171,0.07,항일
이복재,이복재,항일,인물,3,2.4072,0.0,항일
이봉래,이봉래,친일,인물,18,4.2463,17.81,친일
이봉로,이봉로,친일,인물,6,2.0096,1.0,친일
이봉의,이봉의,친일,인물,7,2.4146,4.23,친일
이봉한,이봉한,항일,인물,4,2.8284,0.05,항일
이상갑,이상갑,항일,인물,4,3.0045,0.0,항일
이상구,이상구,항일,인물,4,2.9171,0.07,항일
이상봉,이상봉,항일,인물,3,2.4072,0.0,항일
이상하,이상하,항일,인물,4,2.9171,0.07,항일
이상협,이상협,친일,인물,39,7.3179,65.35,친일
이서구,이서구,친일,인물,26,5.5854,40.04,친일
이석우,이석우,항일,인물,3,2.4072,0.0,항일
이석조,이석조,항일,인물,6,3.8994,9.95,항일
이석훈,이석훈,친일,인물,29,5.827,37.95,친일
이선호,이선호,친일,인물,22,4.5706,23.42,친일
이선홍,이선홍,친일,인물,8,2.2703,2.92,친일
이성근,이성근,친일,인물,79,14.3622,3985.07,친일
이성재,이성재,친일,인물,31,7.2734,139.61,친일
이성환,이성환,친일,인물,62,10.903,267.89,친일
이세호,이세호,항일,인물,3,2.4072,0.0,항일
이세환,이세환,항일,인물,3,2.4072,0.0,항일
이수영,이수영,항일,인물,14,7.0648,0.42,항일
이수우,이수우,항일,인물,5,3.3227,0.05,항일
이수천,이수천,항일,인물,13,6.4932,6.33,항일
이수현,이수현,친일,인물,12,3.2827,21.77,친일
이숙종,이숙종,친일,인물,76,12.9482,135.38,친일
이승,이승,항일,인물,4,2.9015,0.0,항일
이승구,이승구,친일,인물,10,2.6896,10.1,친일
이승우,이승우,친일,인물,79,13.6021,715.26,친일
이승칠,이승칠,친일,인물,5,1.8122,0.94,친일
이시훈,이시훈,항일,인물,3,2.4072,0.0,항일
이열우,이열우,항일,인물,4,2.9085,0.13,항일
이영근,이영근,친일,인물,24,5.888,202.46,친일
이영수,이영수,친일,인물,4,1.6793,0.88,친일
이영주,이영주,친일,인물,10,2.6643,6.35,친일
이영찬,이영찬,친일,인물,14,3.1665,7.98,친일
이영희,이영희,항일,인물,3,2.4072,0.0,항일
이예주,이예주,항일,인물,4,2.8284,0.05,항일
이오익,이오익,친일,인물,2,1.2406,0.23,친일
이완구,이완구,친일,인물,11,3.0397,54.94,친일
이완모,이완모,항일,인물,9,4.999,3.16,항일
이완영,이완영,항일,인물,3,2.4072,0.0,항일
이완용,이완용,친일,인물,128,24.2726,977.8,친일
이완종,이완종,친일,인물,11,3.0959,29.17,친일
이요섭,이요섭,항일,인물,21,9.8932,29.73,항일
이요습,이요습,항일,인물,13,6.4662,1.63,항일
이용구,이용구,친일,인물,67,14.7921,450.03,친일
이용덕,이용덕,항일,인물,4,2.6583,28.43,항일
이용우_1,이용우_1,항일,인물,3,2.4072,0.0,항일
이용우_2,이용우_2,항일,인물,4,2.8284,0.05,항일
이용원,이용원,친일,인물,10,3.3282,9.55,친일
이용태,이용태,친일,인물,23,5.2502,41.57,친일
이운붕,이운붕,친일,인물,3,1.4602,0.43,친일
이원규,이원규,친일,인물,7,2.2381,10.23,친일
이원보,이원보,친일,인물,26,5.5648,71.65,친일
이원영,이원영,친일,인물,23,5.0621,51.64,친일
이원창,이원창,친일,인물,6,2.004,1.45,친일
이원호,이원호,친일,인물,8,2.5624,14.94,친일
이윤세,이윤세,친일,인물,8,2.3431,2.54,친일
이윤영,이윤영,친일,인물,10,2.5938,4.06,친일
이윤용,이윤용,친일,인물,68,12.6095,346.94,친일
이윤종,이윤종,친일,인물,21,4.7843,30.38,친일
이은우,이은우,친일,인물,13,3.171,17.75,친일
이응준,이응준,친일,인물,13,3.7878,213.81,친일
이익근,이익근,항일,인물,4,2.9171,0.07,항일
이익상,이익상,친일,인물,10,2.6693,12.27,친일
이익화,이익화,친일,인물,5,1.7832,2.95,친일
이인수,이인수,친일,인물,31,7.3113,65.74,친일
이인용,이인용,친일,인물,14,3.4075,14.38,친일
이인직,이인직,친일,인물,16,3.9502,88.18,친일
이인찬,이인찬,항일,인물,7,4.3572,0.45,항일
이인학,이인학,항일,인물,3,2.4072,0.0,항일
이일동,이일동,항일,인물,4,2.8284,0.05,항일
이장우,이장우,친일,인물,10,2.677,5.47,친일
이장훈,이장훈,친일,인물,9,2.4627,1.63,친일
이재각,이재각,친일,인물,21,4.6101,26.95,친일
이재곤,이재곤,친일,인물,36,7.2288,297.37,친일
이재극,이재극,친일,인물,93,18.241,565.23,친일
이재남,이재남,항일,인물,4,2.9085,0.13,항일
이재면,이재면,친일,인물,23,4.9454,19.58,친일
이재완,이재완,친일,인물,56,11.0301,187.0,친일
이재정,이재정,친일,인물,9,2.6692,2.76,친일
이정근,이정근,친일,인물,10,3.0667,17.97,친일
이정로,이정로,친일,인물,12,3.195,69.19,친일
이정섭,이정섭,친일,인물,26,5.3479,42.93,친일
이정희,이정희,항일,인물,4,2.9085,0.13,항일
이제정,이제정,친일,인물,9,3.4263,201.07,친일
이제홍,이제홍,항일,인물,3,2.4072,0.0,항일
이종국,이종국,친일,인물,14,3.3741,36.61,친일
이종달,이종달,항일,인물,4,2.9171,0.07,항일
이종덕,이종덕,친일,인물,12,2.9794,12.55,친일
이종린,이종린,친일,인물,48,8.5586,218.47,친일
이종섭,이종섭,친일,인물,26,5.2393,31.5,친일
이종수,이종수,항일,인물,4,2.8619,0.0,항일
이종승,이종승,친일,인물,13,3.3971,6.07,친일
이종욱,이종욱,친일,인물,24,4.9121,52.54,친일
이종은,이종은,친일,인물,20,4.2712,31.38,친일
이종찬,이종찬,친일,인물,14,3.2828,13.79,친일
이종춘,이종춘,친일,인물,11,3.0944,8.59,친일
이종필,이종필,항일,인물,3,2.4072,0.0,항일
이종훈,이종훈,항일,인물,3,2.4072,0.0,항일
이주영,이주영,친일,인물,6,2.0965,1.04,친일
이주형,이주형,항일,인물,3,2.4072,0.0,항일
이준상,이준상,친일,인물,6,2.0279,2.59,친일
이준용,이준용,친일,인물,21,4.8251,30.07,친일
이중달,이중달,항일,인물,3,2.4072,0.0,항일
이중수,이중수,친일,인물,4,1.6838,1.13,친일
이중진,이중진,항일,인물,3,2.4072,0.0,항일
이중환,이중환,친일,인물,19,4.1948,14.71,친일
이지용,이지용,친일,인물,44,8.8607,164.7,친일
이진억,이진억,항일,인물,4,2.9171,0.07,항일
이진호,이진호,친일,인물,168,29.0607,2206.93,친일
이찬,이찬,친일,인물,13,3.5431,336.6,친일
이찬기,이찬기,항일,인물,3,2.4072,0.0,항일
이찬용,이찬용,친일,인물,7,2.2357,1.5,친일
이찬우,이찬우,항일,인물,3,2.4072,0.0,항일
이창근,이창근,친일,인물,16,3.89,69.66,친일
이창룡,이창룡,친일,인물,18,4.2962,43.34,친일
이창수,이창수,친일,인물,28,8.353,1564.62,친일
이창훈,이창훈,친일,인물,40,7.7675,60.95,친일
이채연,이채연,항일,인물,5,3.2566,30.11,항일
이철,이철,친일,인물,26,6.2575,486.02,친일
이철규,이철규,항일,인물,3,2.4072,0.0,항일
이철순,이철순,항일,인물,15,7.4733,0.71,항일
이철우,이철우,항일,인물,15,7.2622,0.98,항일
이철주,이철주,항일,인물,3,2.4072,0.0,항일
이철호,이철호,항일,인물,3,2.4072,0.0,항일
이충건,이충건,친일,인물,22,4.4807,30.76,친일
이충세,이충세,친일,인물,9,2.6365,2.8,친일
이충호,이충호,항일,인물,4,2.9085,0.13,항일
이태봉,이태봉,항일,인물,3,2.4072,0.0,항일
이태순,이태순,친일,인물,13,3.3734,7.5,친일
이태우,이태우,항일,인물,3,2.4072,0.0,항일
이태희,이태희,항일,인물,4,2.9171,0.07,항일
이택규,이택규,친일,인물,36,6.7619,54.29,친일
이택노,이택노,항일,인물,5,3.3744,0.29,항일
이택주,이택주,친일,인물,7,2.2231,3.93,친일
이택현,이택현,친일,인물,7,2.1408,9.12,친일
이풍한,이풍한,친일,인물,30,5.967,74.62,친일
이필동,이필동,항일,인물,3,2.4072,0.0,항일
이하삼,이하삼,항일,인물,3,2.4072,0.0,항일
이하영,이하영,친일,인물,73,13.5937,387.85,친일
이학재,이학재,친일,인물,30,6.8953,44.78,친일
이항구,이항구,친일,인물,62,11.4773,414.04,친일
이항직,이항직,친일,인물,10,2.648,1.99,친일
이해수,이해수,친일,인물,8,2.3743,5.05,친일
이해승,이해승,친일,인물,42,8.2529,153.63,친일
이해용,이해용,친일,인물,28,6.0796,219.6,친일
이해창,이해창,친일,인물,35,7.0783,58.99,친일
이홍묵,이홍묵,친일,인물,42,7.8793,58.01,친일
이회광,이회광,친일,인물,21,5.0021,45.52,친일
이흥재,이흥재,친일,인물,8,2.2739,3.74,친일
이희간,이희간,친일,인물,35,7.123,209.98,친일
이희갑,이희갑,항일,인물,8,4.6524,21.97,항일
이희덕,이희덕,친일,인물,23,5.3601,67.24,친일
이희두,이희두,친일,인물,16,3.603,9.72,친일
이희순,이희순,친일,인물,3,1.4549,0.4,친일
이희적,이희적,친일,인물,82,16.684,465.13,친일
인정식,인정식,친일,인물,12,3.0559,15.35,친일
인창환,인창환,친일,인물,13,3.1754,9.82,친일
일본,일본,미상,지역,0,0.9009,0,지역
일진회,일진회,미상,단체,124,26.5126,885.29,기타
임낙호,임낙호,친일,인물,5,1.911,2.6,친일
임노선,임노선,항일,인물,4,2.9374,0.32,항일
임동혁,임동혁,친일,인물,9,2.4796,15.79,친일
임면순,임면순,항일,인물,3,2.4072,0.0,항일
임명옥,임명옥,항일,인물,4,2.9085,0.13,항일
임무심,임무심,항일,인물,10,5.1962,0.47,항일
임문석,임문석,친일,인물,14,3.3267,17.49,친일
임병식,임병식,친일,인물,4,1.6602,1.41,친일
임병학,임병학,항일,인물,5,3.4302,1.75,항일
임선재,임선재,친일,인물,8,2.5114,3.04,친일
임선준,임선준,친일,인물,32,6.506,32.48,친일
임숙재,임숙재,친일,인물,29,5.446,15.93,친일
임승복,임승복,친일,인물,12,3.1418,20.09,친일
임영찬,임영찬,친일,인물,5,1.8253,8.5,친일
임용길,임용길,친일,인물,11,2.8818,20.66,친일
임익재,임익재,항일,인물,3,2.4072,0.0,항일
임중혁,임중혁,항일,인물,5,3.3227,0.05,항일
임창수,임창수,항일,인물,33,10.8435,10980.66,항일
임창하,임창하,친일,인물,7,2.1214,5.41,친일
임학래,임학래,친일,인물,5,1.8162,1.28,친일
임학수,임학수,친일,인물,30,6.1743,23.39,친일
임한룡,임한룡,친일,인물,16,3.6986,4.01,친일
임헌영,임헌영,친일,인물,3,1.4648,0.42,친일
임헌평,임헌평,친일,인물,12,3.0083,5.09,친일
잔재물_10_종칠위_오영전_기념비,잔재물_10_종칠위_오영전_기념비,미상,문헌,3,2.0985,0.0,기타
잔재물_11_도회의원_김공원근_구휼불망비,잔재물_11_도회의원_김공원근_구휼불망비,미상,문헌,3,2.0985,0.0,기타
잔재물_12_군수_박공초양_영세불망비,잔재물_12_군수_박공초양_영세불망비,미상,문헌,3,2.0985,0.0,기타
잔재물_13_군수_서후회_보선정비,잔재물_13_군수_서후회_보선정비,미상,문헌,3,2.0985,0.0,기타
잔재물_14_군수_최후재익_선정비,잔재물_14_군수_최후재익_선정비,미상,문헌,3,2.0985,0.0,기타
잔재물_15_전_면장_남상철씨_송덕비,잔재물_15_전_면장_남상철씨_송덕비,미상,문헌,3,2.0985,0.0,기타
잔재물_16_참의_김공원근_시혜비,잔재물_16_참의_김공원근_시혜비,미상,문헌,4,2.2944,10.13,기타
잔재물_17_아키히토_전하_탄신_기념비,잔재물_17_아키히토_전하_탄신_기념비,미상,문헌,3,2.0985,0.0,기타
잔재물_18_어등극_기념림비,잔재물_18_어등극_기념림비,미상,문헌,3,2.0985,0.0,기타
잔재물_19_명치천황_어일주년제_기념비,잔재물_19_명치천황_어일주년제_기념비,미상,문헌,3,2.0985,0.0,기타
잔재물_20_황국신민서사비1,잔재물_20_황국신민서사비1,미상,문헌,3,2.0985,0.0,기타
잔재물_21_황국신민서사비2,잔재물_21_황국신민서사비2,미상,문헌,3,2.0985,0.0,기타
잔재물_30_사인암_이경식_각자,잔재물_30_사인암_이경식_각자,미상,문헌,4,2.2697,183.3,기타
잔재물_31_갈은구곡_홍승목_각자,잔재물_31_갈은구곡_홍승목_각자,미상,문헌,4,2.3657,3.93,기타
장건상,장건상,항일,인물,22,10.2726,56.4,항일
장규원,장규원,친일,인물,8,2.4089,1.94,친일
장기창,장기창,친일,인물,13,3.2924,14.21,친일
장대익,장대익,친일,인물,47,8.5246,109.82,친일
장덕수,장덕수,친일,인물,86,14.4867,268.66,친일
장덕조,장덕조,친일,인물,4,1.5947,3.55,친일
장동환,장동환,친일,인물,8,2.3682,6.43,친일
장배근,장배근,항일,인물,3,2.4072,0.0,항일
장봉식,장봉식,항일,인물,4,2.9171,0.07,항일
장부상,장부상,항일,인물,3,2.5068,0.0,항일
장상철,장상철,친일,인물,19,4.0899,20.12,친일
장석금,장석금,항일,인물,3,2.4072,0.0,항일
장석영,장석영,친일,인물,6,1.9611,0.62,친일
장석원,장석원,친일,인물,39,7.6185,104.02,친일
장석주,장석주,친일,인물,46,8.8007,122.06,친일
장수길,장수길,친일,인물,5,1.7871,0.87,친일
장영완,장영완,항일,인물,3,2.4072,0.0,항일
장용관,장용관,친일,인물,11,3.25,182.18,친일
장용근,장용근,항일,인물,5,3.3438,14.95,항일
장우근,장우근,친일,인물,9,2.5847,16.41,친일
장우식,장우식,친일,인물,25,4.8946,21.37,친일
장윤식,장윤식,친일,인물,17,3.9489,35.84,친일
장은중,장은중,친일,인물,9,2.8409,40.48,친일
장응상,장응상,친일,인물,7,2.1927,5.53,친일
장응진,장응진,친일,인물,13,3.3334,18.38,친일
장인근,장인근,친일,인물,3,1.445,0.1,친일
장인원,장인원,친일,인물,17,4.5864,130.54,친일
장준영,장준영,친일,인물,14,3.3119,24.22,친일
장지량,장지량,친일,인물,11,3.175,7.29,친일
장직상,장직상,친일,인물,73,12.7173,282.08,친일
장천석,장천석,항일,인물,6,3.8905,0.0,항일
장춘식,장춘식,항일,인물,2,2.0365,0.0,항일
장헌근,장헌근,친일,인물,25,4.9791,23.28,친일
장헌식,장헌식,친일,인물,131,22.895,2238.52,친일
장홍식,장홍식,친일,인물,42,7.6465,102.7,친일
장희원,장희원,항일,인물,3,2.4072,0.0,항일
전단,전단,항일,인물,7,4.2735,30.6,항일
전덕룡,전덕룡,친일,인물,11,2.7646,8.27,친일
전병하,전병하,친일,인물,8,3.2347,126.92,친일
전부일,전부일,친일,인물,24,4.8694,101.9,친일
전석영,전석영,친일,인물,8,2.28,4.65,친일
전성욱,전성욱,친일,인물,42,7.7611,294.89,친일
전승수,전승수,친일,인물,10,2.5789,4.21,친일
전영복,전영복,항일,인물,5,3.3744,0.29,항일
전창림,전창림,친일,인물,3,1.4612,0.33,친일
전충식,전충식,항일,인물,12,6.2729,6.43,항일
전필순,전필순,친일,인물,20,4.6365,39.26,친일
전필현,전필현,항일,인물,6,3.8376,18.06,항일
정건유,정건유,친일,인물,11,2.863,13.87,친일
정관조,정관조,친일,인물,24,4.807,15.22,친일
정광조,정광조,친일,인물,40,7.3997,52.49,친일
정교원,정교원,친일,인물,89,17.3818,623.51,친일
정규상,정규상,항일,인물,4,2.9015,0.0,항일
정규은,정규은,항일,인물,4,2.9171,0.07,항일
정규태,정규태,항일,인물,12,5.981,0.0,항일
정규택,정규택,항일,인물,10,5.0254,16.6,항일
정규환,정규환,친일,인물,23,4.8597,121.62,친일
정기상,정기상,항일,인물,2,1.9009,0.0,항일
정기창,정기창,친일,인물,4,1.6405,0.81,친일
정낙용,정낙용,친일,인물,6,2.0177,2.86,친일
정난교,정난교,친일,인물,34,6.5504,33.66,친일
정대관,정대관,항일,인물,3,2.4072,0.0,항일
정대현,정대현,친일,인물,49,8.8183,69.27,친일
정덕수,정덕수,항일,인물,4,3.0081,1.5,항일
정동식,정동식,친일,인물,7,2.1443,0.79,친일
정두화,정두화,친일,인물,8,2.3574,4.1,친일
정만조,정만조,친일,인물,30,5.9559,51.66,친일
정만형,정만형,항일,인물,3,2.426,0.0,항일
정명용,정명용,항일,인물,10,5.3025,1.38,항일
정미조약,정미조약,미상,사건,1,1.092,0.0,사건
정민조,정민조,친일,인물,6,1.9689,7.86,친일
정병조,정병조,친일,인물,52,9.8669,148.6,친일
정봉시,정봉시,친일,인물,20,4.4046,13.72,친일
정비석,정비석,친일,인물,12,2.9297,9.38,친일
정석모,정석모,친일,인물,42,8.111,79.16,친일
정석용,정석용,친일,인물,9,2.5778,25.42,친일
정순경,정순경,항일,인물,5,3.2443,0.63,항일
정순현,정순현,친일,인물,19,4.0737,40.91,친일
정연기,정연기,친일,인물,11,2.7885,5.57,친일
정예택,정예택,항일,인물,3,2.4072,0.0,항일
정옥경,정옥경,항일,인물,4,3.134,0.0,항일
정용신,정용신,친일,인물,15,3.4986,38.16,친일
정우택,정우택,친일,인물,9,2.6527,29.0,친일
정운복,정운복,친일,인물,17,4.0437,37.9,친일
정운성,정운성,친일,인물,3,1.4648,0.42,친일
정월성,정월성,항일,인물,4,2.9171,0.07,항일
정유흥,정유흥,항일,인물,7,4.2363,0.91,항일
정윤모,정윤모,항일,인물,3,2.4072,0.0,항일
정윤묵,정윤묵,항일,인물,25,11.6622,37.69,항일
정의택,정의택,항일,인물,5,3.4113,0.57,항일
정인과,정인과,친일,인물,33,6.5161,36.04,친일
정인섭,정인섭,친일,인물,41,8.0459,45.7,친일
정인식,정인식,항일,인물,3,2.5463,0.53,항일
정인익,정인익,친일,인물,29,5.7924,33.59,친일
정인찬,정인찬,항일,인물,5,3.3383,0.77,항일
정인택,정인택,친일,인물,26,5.4763,63.54,친일
정인하,정인하,친일,인물,4,1.6197,0.03,친일
정인훈,정인훈,항일,인물,2,2.0365,0.0,항일
정인흥,정인흥,친일,인물,7,2.1669,6.15,친일
정재범,정재범,친일,인물,5,2.3415,2.89,친일
정재춘,정재춘,친일,인물,4,1.8557,1.69,친일
정재학,정재학,친일,인물,21,4.5279,70.41,친일
정종환,정종환,항일,인물,4,2.9085,0.13,항일
정주영,정주영,친일,인물,16,3.879,38.5,친일
정주헌,정주헌,항일,인물,3,2.4072,0.0,항일
정지태,정지태,항일,인물,4,2.9171,0.07,항일
정진복,정진복,항일,인물,4,2.8284,0.05,항일
정진섭,정진섭,항일,인물,4,2.9156,0.0,항일
정진홍,정진홍,친일,인물,11,2.7986,4.53,친일
정찬선,정찬선,친일,인물,4,1.6307,0.65,친일
정천모,정천모,친일,인물,27,5.752,54.78,친일
정춘수,정춘수,친일,인물,33,7.0158,180.84,친일
정충원,정충원,친일,인물,3,1.4542,0.21,친일
정치국,정치국,친일,인물,11,2.8713,21.62,친일
정태,정태,항일,인물,7,4.2735,30.6,항일
정태균,정태균,친일,인물,12,2.9425,16.01,친일
정태진,정태진,항일,인물,3,2.4072,0.0,항일
정한조,정한조,친일,인물,6,1.9772,0.74,친일
정해도,정해도,항일,인물,5,3.3227,0.05,항일
정해붕,정해붕,친일,인물,16,3.734,110.48,친일
정해원,정해원,항일,인물,7,4.2363,0.91,항일
정호봉,정호봉,친일,인물,4,1.6099,0.15,친일
정훈,정훈,친일,인물,23,5.1858,29.63,친일
정흥종,정흥종,항일,인물,3,2.4072,0.0,항일
정희정,정희정,항일,인물,4,2.9085,0.13,항일
정희준,정희준,항일,인물,4,2.9171,0.07,항일
제천_동명초등학교,제천_동명초등학교,미상,항일학교,21,12.8168,292.9,학교
제천시,제천시,미상,지역,14,9.7191,206.52,지역
조건상,조건상,항일,인물,4,2.9171,0.07,항일
조경하,조경하,친일,인물,21,4.462,20.34,친일
조경호,조경호,친일,인물,8,2.2877,13.15,친일
조경희,조경희,항일,인물,3,2.4072,0.0,항일
조기간,조기간,친일,인물,42,7.9033,70.99,친일
조기홍,조기홍,친일,인물,38,6.9656,51.6,친일
조대호,조대호,친일,인물,62,11.8967,224.48,친일
조덕하,조덕하,친일,인물,12,3.2481,9.56,친일
조동민,조동민,친일,인물,7,2.2141,4.26,친일
조동순,조동순,항일,인물,3,2.4072,0.0,항일
조동식,조동식,친일,인물,43,7.5475,48.92,친일
조동윤,조동윤,친일,인물,37,7.6469,97.87,친일
조동희,조동희,친일,인물,17,4.1041,19.66,친일
조래룡,조래룡,항일,인물,3,2.4072,0.0,항일
조민희,조민희,친일,인물,43,8.5748,118.99,친일
조병건,조병건,친일,인물,16,3.6424,23.17,친일
조병교,조병교,친일,인물,11,2.7911,3.09,친일
조병렬,조병렬,친일,인물,26,5.2706,33.69,친일
조병상,조병상,친일,인물,114,19.0445,541.1,친일
조상만,조상만,친일,인물,7,2.1357,10.94,친일
조상옥,조상옥,친일,인물,9,2.3924,3.29,친일
조선교육회,조선교육회,미상,단체,20,4.0827,15.31,기타
조선구락부,조선구락부,미상,단체,11,2.6657,2.7,기타
조선국방의회연합회,조선국방의회연합회,미상,단체,19,4.1671,10.88,기타
조선국방협회,조선국방협회,미상,단체,5,1.806,0.21,기타
조선군사령부,조선군사령부,미상,단체,38,8.9494,47.16,기타
조선군사후원연맹,조선군사후원연맹,미상,단체,13,3.0862,5.29,기타
조선귀족령,조선귀족령,미상,단체,130,28.2813,588.95,기타
조선귀족회,조선귀족회,미상,단체,34,7.0362,32.19,기타
조선금융조합연합회,조선금융조합연합회,미상,단체,56,11.3481,124.01,기타
조선농회,조선농회,미상,단체,32,6.5551,34.7,기타
조선문인보국회,조선문인보국회,미상,단체,31,6.5982,17.57,기타
조선물산공진회,조선물산공진회,미상,단체,82,16.4901,322.68,기타
조선미술가협회,조선미술가협회,미상,단체,13,3.2913,3.06,기타
조선방공협회,조선방공협회,미상,단체,32,6.5221,50.74,기타
조선방송협회,조선방송협회,미상,단체,32,6.2359,36.82,기타
조선불교단,조선불교단,미상,단체,34,6.2946,34.25,기타
조선사편수회,조선사편수회,미상,단체,50,9.6975,113.14,기타
조선사편찬위원회,조선사편찬위원회,미상,단체,14,3.2925,4.08,기타
조선상공회의소,조선상공회의소,미상,단체,1,1.048,0.0,기타
조선식산은행,조선식산은행,미상,단체,49,9.9228,264.1,기타
조선연극협회,조선연극협회,미상,단체,19,4.6559,20.81,기타
조선은행,조선은행,미상,단체,167,32.6444,1175.47,기타
조선음악협회,조선음악협회,미상,단체,18,4.3096,6.56,기타
조선일보,조선일보,미상,단체,233,45.6143,3741.78,기타
조선임전보국단,조선임전보국단,미상,단체,213,38.0595,2139.05,기타
조선총독부,조선총독부,미상,단체,880,202.4317,48117.92,기타
조선총독부 경무국,조선총독부 경무국,미상,단체,91,19.3399,699.65,기타
조선총독부 내무국,조선총독부 내무국,미상,단체,30,6.3049,43.0,기타
조선총독부 학무국,조선총독부 학무국,미상,단체,64,12.1112,168.43,기타
조선헌병대사령부,조선헌병대사령부,미상,단체,1,1.2245,0.0,기타
조성구_1,조성구_1,항일,인물,4,2.9015,0.0,항일
조성구_2,조성구_2,항일,인물,4,2.9085,0.13,항일
조성근,조성근,친일,인물,37,6.914,48.73,친일
조성엽,조성엽,친일,인물,2,1.3898,2.82,친일
조성완,조성완,항일,인물,4,2.9171,0.07,항일
조영출,조영출,친일,인물,42,11.106,196.49,친일
조영희,조영희,친일,인물,24,5.3009,46.95,친일
조용만,조용만,친일,인물,34,6.7584,36.85,친일
조용호,조용호,친일,인물,4,1.7136,0.2,친일
조우식,조우식,친일,인물,7,2.1455,3.69,친일
조원성,조원성,친일,인물,5,1.8549,0.93,친일
조원세,조원세,친일,인물,5,1.9298,1.65,친일
조원환,조원환,친일,인물,4,1.6212,0.76,친일
조원흥,조원흥,친일,인물,5,1.8555,2.84,친일
조인복,조인복,항일,인물,4,2.9171,0.07,항일
조인성,조인성,친일,인물,13,3.4538,12.74,친일
조재영,조재영,친일,인물,8,2.357,12.93,친일
조종춘,조종춘,친일,인물,5,1.9085,2.47,친일
조종훈,조종훈,친일,인물,2,1.2918,0.44,친일
조중구,조중구,친일,인물,5,1.8491,1.96,친일
조중만,조중만,항일,인물,14,7.004,1.05,항일
조중수,조중수,친일,인물,8,2.5601,14.55,친일
조중응,조중응,친일,인물,76,14.0909,228.86,친일
조중헌,조중헌,친일,인물,13,3.4839,39.96,친일
조진태,조진태,친일,인물,40,7.7018,112.61,친일
조진호,조진호,친일,인물,8,2.4496,23.07,친일
조춘원,조춘원,친일,인물,4,1.6307,0.65,친일
조충식,조충식,항일,인물,10,5.3025,1.38,항일
조태국,조태국,항일,인물,6,4.0403,1.56,항일
조태용,조태용,항일,인물,4,2.9964,0.75,항일
조택원,조택원,친일,인물,17,4.1935,29.49,친일
조현상,조현상,항일,인물,20,9.4129,46.31,항일
조희갑,조희갑,친일,인물,4,1.684,0.6,친일
조희문,조희문,친일,인물,79,14.9717,179.64,친일
조희붕,조희붕,친일,인물,11,2.996,1.7,친일
조희연,조희연,친일,인물,31,6.1672,51.17,친일
조희창,조희창,친일,인물,5,1.9531,0.52,친일
주림,주림,친일,인물,8,2.4178,9.12,친일
주만성,주만성,항일,인물,4,2.8284,0.05,항일
주시헌,주시헌,친일,인물,3,1.4801,0.38,친일
주영섭,주영섭,친일,인물,21,4.7552,48.22,친일
주영환,주영환,친일,인물,26,5.355,33.73,친일
주요한,주요한,친일,인물,145,27.4312,3528.9,친일
중의원,중의원,미상,단체,76,14.183,420.92,기타
중일전쟁,중일전쟁,미상,사건,316,71.3083,6015.97,사건
중추원,중추원,미상,단체,476,95.7124,12768.99,기타
증평_도안초등학교,증평_도안초등학교,미상,항일학교,4,3.0646,0.65,학교
증평군,증평군,미상,지역,3,2.4731,0.8,지역
지달문,지달문,항일,인물,4,2.8284,0.05,항일
지병석,지병석,항일,인물,4,2.9085,0.13,항일
지창용,지창용,항일,인물,4,2.9085,0.13,항일
지헌목,지헌목,항일,인물,3,2.4072,0.0,항일
지희열,지희열,친일,인물,14,3.1756,4.2,친일
진대봉,진대봉,항일,인물,6,3.7774,0.12,항일
진양근,진양근,친일,인물,4,1.709,1.25,친일
진용섭,진용섭,친일,인물,3,1.648,0.76,친일
진천_상산초등학교,진천_상산초등학교,미상,항일학교,8,3.9437,270.27,학교
진천_성성학교,진천_성성학교,미상,항일학교,6,3.8465,39.09,학교
진천_옥동초등학교,진천_옥동초등학교,미상,항일학교,4,2.6566,5.39,학교
진천군,진천군,미상,지역,10,5.8062,9.55,지역
진학문,진학문,친일,인물,58,10.5715,147.95,친일
진희규,진희규,친일,인물,8,2.3744,14.79,친일
차남진,차남진,친일,인물,9,2.4834,9.09,친일
차재덕,차재덕,항일,인물,3,2.4072,0.0,항일
차재정,차재정,친일,인물,27,5.3174,41.45,친일
차종호,차종호,친일,인물,13,3.1297,14.95,친일
창씨개명,창씨개명,미상,사건,42,9.2084,73.36,사건
채기두,채기두,친일,인물,68,12.5696,299.17,친일
채만식,채만식,친일,인물,24,5.0452,29.66,친일
채필근,채필근,친일,인물,16,3.8123,9.79,친일
천장욱,천장욱,친일,인물,4,1.684,1.11,친일
청주_내수초등학교,청주_내수초등학교,미상,항일학교,13,8.052,87.31,학교
청주_청남초등학교,청주_청남초등학교,미상,항일학교,31,14.173,361.96,학교
청주고등여학교,청주고등여학교,미상,항일학교,12,7.2338,1.69,학교
청주농업고_1931년_맹휴투쟁,청주농업고_1931년_맹휴투쟁,미상,사건,3,2.3316,0.05,사건
청주농업고등학교,청주농업고등학교,미상,항일학교,101,50.0307,4997.01,학교
청주농업고등학교_항일운동_허브,청주농업고등학교_항일운동_허브,미상,항일학교,400,238.0808,14581.12,학교
청주시,청주시,미상,지역,435,257.3351,24250.19,지역
청주중고등학교,청주중고등학교,미상,항일학교,39,20.8527,2304.61,학교
최광석,최광석,항일,인물,5,3.2831,0.12,항일
최근목,최근목,항일,인물,3,2.4072,0.0,항일
최기남,최기남,친일,인물,7,2.3521,10.91,친일
최기섭,최기섭,항일,인물,3,2.4072,0.0,항일
최남선,최남선,친일,인물,55,10.3419,221.41,친일
최동철,최동철,항일,인물,4,2.9171,0.07,항일
최두천,최두천,친일,인물,4,1.7155,1.31,친일
최린,최린,친일,인물,132,23.089,826.26,친일
최만달,최만달,친일,인물,4,1.6617,0.92,친일
최명렬,최명렬,항일,인물,4,2.9015,0.0,항일
최명하,최명하,친일,인물,5,1.866,1.25,친일
최무,최무,친일,인물,10,2.9113,5.02,친일
최병혁,최병혁,친일,인물,2,1.2684,0.11,친일
최병협,최병협,친일,인물,8,2.4345,14.12,친일
최봉길,최봉길,항일,인물,7,3.7554,45.61,항일
최상돈,최상돈,친일,인물,9,2.5293,12.05,친일
최석민,최석민,친일,인물,15,3.5813,9.67,친일
최석하,최석하,친일,인물,13,3.1867,22.47,친일
최석현,최석현,친일,인물,17,3.844,21.76,친일
최승렬,최승렬,친일,인물,59,12.711,315.85,친일
최신옥,최신옥,항일,인물,3,2.4072,0.0,항일
최안국,최안국,친일,인물,12,2.9154,9.79,친일
최양호,최양호,친일,인물,25,4.9516,37.23,친일
최연,최연,친일,인물,24,4.9098,16.19,친일
최연국,최연국,친일,인물,30,5.7735,53.41,친일
최영년,최영년,친일,인물,23,5.3011,29.3,친일
최운섭,최운섭,친일,인물,18,4.5005,18.45,친일
최윤,최윤,친일,인물,24,5.5296,77.11,친일
최윤주,최윤주,친일,인물,24,5.642,59.6,친일
최익하,최익하,친일,인물,11,2.8082,3.72,친일
최인규,최인규,친일,인물,13,3.3141,12.37,친일
최인범,최인범,친일,인물,7,2.2602,4.09,친일
최일환,최일환,친일,인물,6,1.9869,1.45,친일
최재서,최재서,친일,인물,55,10.5707,128.14,친일
최재엽,최재엽,친일,인물,9,2.442,3.06,친일
최정규,최정규,친일,인물,45,10.3656,175.13,친일
최정덕,최정덕,친일,인물,14,3.3235,12.8,친일
최정묵,최정묵,친일,인물,15,3.3749,7.24,친일
최정원,최정원,친일,인물,22,4.8356,23.34,친일
최정희,최정희,친일,인물,44,8.2576,80.31,친일
최종철,최종철,항일,인물,4,2.8284,0.05,항일
최종하,최종하,항일,인물,3,2.4072,0.0,항일
최준집,최준집,친일,인물,44,8.2213,152.74,친일
최지환,최지환,친일,인물,16,3.9256,89.53,친일
최진태,최진태,친일,인물,3,2.6983,200.22,친일
최창남,최창남,항일,인물,12,6.0375,29.06,항일
최창락,최창락,친일,인물,6,1.9736,3.17,친일
최창조,최창조,친일,인물,56,9.9115,77.09,친일
최창학,최창학,친일,인물,37,6.9143,54.46,친일
최창현,최창현,친일,인물,11,2.9748,16.48,친일
최창호,최창호,친일,인물,22,4.7419,39.18,친일
최창홍,최창홍,친일,인물,14,3.4522,38.06,친일
최충모,최충모,항일,인물,3,2.4072,0.0,항일
최탁,최탁,친일,인물,17,3.9334,51.87,친일
최태봉,최태봉,친일,인물,5,1.8202,7.27,친일
최태석,최태석,항일,인물,3,2.4072,0.0,항일
최팽하,최팽하,항일,인물,5,3.3383,0.77,항일
최하영,최하영,친일,인물,9,2.5618,13.71,친일
최항묵,최항묵,친일,인물,5,1.8342,1.38,친일
최형직,최형직,친일,인물,5,1.7941,0.89,친일
최호선,최호선,친일,인물,9,2.7031,36.19,친일
충남_학교내_일제잔재_청산방안,충남_학교내_일제잔재_청산방안,미상,기타,5,2.6147,268.45,기타
충북_친일잔재_기초조사_2020,충북_친일잔재_기초조사_2020,미상,문헌,89,25.1923,11027.22,기타
충북_친일잔재물_목록,충북_친일잔재물_목록,미상,문헌,19,10.2839,247.25,기타
충북_학생_항일독립운동_인명사전,충북_학생_항일독립운동_인명사전,항일,인물,279,153.8623,5895.42,항일
충북_학생_항일독립투쟁_개요,충북_학생_항일독립투쟁_개요,미상,항일학교,69,41.3644,421.16,학교
충주_교현초부설_간이농업학교,충주_교현초부설_간이농업학교,미상,항일학교,10,5.499,410.04,학교
충주_대소원초등학교,충주_대소원초등학교,미상,항일학교,18,11.2626,6.53,학교
충주_용원장터_만세항쟁,충주_용원장터_만세항쟁,미상,사건,2,1.8679,0.0,사건
충주_용원학당,충주_용원학당,미상,항일학교,13,7.1993,651.67,학교
충주시,충주시,미상,지역,29,16.9274,161.15,지역
충청남도_친일잔재,충청남도_친일잔재,미상,기타,3,3.3423,80.68,기타
충청북도,충청북도,미상,지역,588,343.4854,42105.59,지역
충청북도_친일잔재,충청북도_친일잔재,미상,기타,4,4.0015,135.68,기타
친일재산_국가귀속,친일재산_국가귀속,미상,사건,3,2.0795,16.61,사건
탁춘봉,탁춘봉,친일,인물,13,3.4477,7.15,친일
태평양전쟁,태평양전쟁,미상,사건,116,23.6747,675.03,사건
파묘_02_민영휘의_친일행적과_재산,파묘_02_민영휘의_친일행적과_재산,미상,문헌,6,1.9209,1.75,기타
파묘_03_충북의_친일잔재_추가취재,파묘_03_충북의_친일잔재_추가취재,미상,문헌,32,6.0738,54.81,기타
파묘_민영휘_첩과_아들의_묘,파묘_민영휘_첩과_아들의_묘,미상,문헌,36,7.5646,9575.68,기타
펴낸곳,펴낸곳,항일,인물,3,2.4022,0.08,항일
펴낸이,펴낸이,항일,인물,1,1.3977,0.0,항일
피성호,피성호,친일,인물,6,2.0387,1.43,친일
하준석,하준석,친일,인물,37,6.9501,63.43,친일
하판락,하판락,친일,인물,8,2.3907,5.49,친일
한경원,한경원,친일,인물,13,3.4063,15.28,친일
한교연,한교연,친일,인물,16,3.9858,8.95,친일
한국정,한국정,친일,인물,59,13.2916,657.7,친일
한규복,한규복,친일,인물,141,23.8243,1822.55,친일
한남규,한남규,친일,인물,15,3.7595,19.64,친일
한동석,한동석,친일,인물,7,2.1779,2.55,친일
한배석,한배석,항일,인물,4,2.6191,34.06,항일
한보길,한보길,항일,인물,5,2.8773,52.83,항일
한봉근,한봉근,항일,인물,19,8.8444,118.14,항일
한봉수,한봉수,항일,인물,9,5.5454,38.39,항일
한봉인,한봉인,항일,인물,11,5.3188,36.72,항일
한상기,한상기,친일,인물,7,2.157,3.76,친일
한상룡,한상룡,친일,인물,195,33.758,2637.71,친일
한상봉,한상봉,친일,인물,17,3.7006,17.64,친일
한상억,한상억,친일,인물,32,6.3825,41.11,친일
한상완,한상완,항일,인물,4,2.9085,0.13,항일
한성은행,한성은행,미상,단체,27,5.4362,21.58,기타
한연구,한연구,항일,인물,3,2.4072,0.0,항일
한영원,한영원,친일,인물,35,6.8585,48.92,친일
한영휘,한영휘,친일,인물,9,3.2322,2.87,친일
한익교,한익교,친일,인물,59,11.8459,297.82,친일
한인구,한인구,항일,인물,4,2.9085,0.13,항일
한일의정서,한일의정서,미상,사건,4,1.7093,0.51,사건
한일합병,한일합병,미상,사건,355,77.7962,6123.95,사건
한정구,한정구,항일,인물,4,2.9171,0.07,항일
한정석,한정석,친일,인물,23,5.0513,68.64,친일
한종건,한종건,친일,인물,10,2.6762,13.17,친일
한준석,한준석,친일,인물,12,2.9646,11.52,친일
한지동,한지동,항일,인물,4,2.9085,0.13,항일
한진창,한진창,친일,인물,13,3.0514,2.94,친일
한창동,한창동,친일,인물,11,2.7728,12.67,친일
한창수,한창수,친일,인물,51,9.6136,125.08,친일
한창회,한창회,친일,인물,11,2.9681,6.85,친일
한필동,한필동,항일,인물,3,2.4072,0.0,항일
한학,한학,항일,인물,5,3.4575,0.82,항일
한희준,한희준,항일,인물,3,2.4072,0.0,항일
함귀봉,함귀봉,항일,인물,4,2.8284,0.05,항일
함대훈,함대훈,친일,인물,29,6.0804,45.5,친일
함상훈,함상훈,친일,인물,16,3.4742,16.65,친일
함성욱,함성욱,친일,인물,3,1.5816,5.03,친일
함희창,함희창,친일,인물,1,1.0964,0.0,친일
허기락,허기락,친일,인물,6,2.193,1.13,친일
허기열,허기열,친일,인물,10,3.6232,2.86,친일
허록,허록,친일,인물,9,2.6014,2.08,친일
허섭,허섭,친일,인물,9,2.5464,17.79,친일
허식,허식,항일,인물,4,2.9171,0.07,항일
허영호,허영호,친일,인물,7,2.0834,2.11,친일
허준,허준,친일,인물,5,1.8363,1.7,친일
허진,허진,친일,인물,15,4.1585,124.15,친일
허진성,허진성,친일,인물,8,2.9075,2.73,친일
허하백,허하백,친일,인물,23,5.0714,107.93,친일
현기봉,현기봉,친일,인물,10,2.6525,11.6,친일
현시달,현시달,친일,인물,6,1.9453,1.6,친일
현영섭,현영섭,친일,인물,70,12.1272,176.7,친일
현은,현은,친일,인물,75,16.9314,696.42,친일
현제명,현제명,친일,인물,27,5.9087,119.35,친일
현준호,현준호,친일,인물,59,10.4684,206.73,친일
현헌,현헌,친일,인물,10,2.9697,13.16,친일
홍규호,홍규호,항일,인물,3,2.4143,0.83,항일
홍긍섭,홍긍섭,친일,인물,31,7.094,35.31,친일
홍기문,홍기문,항일,인물,9,4.7922,0.47,항일
홍덕기,홍덕기,항일,인물,3,2.4072,0.0,항일
홍명희,홍명희,항일,인물,15,7.5925,64.69,항일
홍범도,홍범도,항일,인물,3,2.4877,0.0,항일
홍범식,홍범식,항일,인물,19,9.0074,29.14,항일
홍봉희,홍봉희,항일,인물,3,2.4275,0.0,항일
홍사익,홍사익,친일,인물,7,2.1347,3.65,친일
홍성복,홍성복,항일,인물,4,2.8284,0.05,항일
홍성식,홍성식,항일,인물,4,2.9633,0.0,항일
홍성연,홍성연,친일,인물,6,2.0515,9.14,친일
홍성원,홍성원,항일,인물,3,2.4072,0.0,항일
홍성일,홍성일,항일,인물,10,5.3545,2.47,항일
홍성철,홍성철,항일,인물,9,4.902,1.2,항일
홍성희,홍성희,항일,인물,17,8.2377,26.05,항일
홍순기,홍순기,친일,인물,10,2.6652,13.88,친일
홍순봉,홍순봉,친일,인물,6,2.0549,3.06,친일
홍승구,홍승구,친일,인물,16,3.7156,66.09,친일
홍승균,홍승균,친일,인물,45,8.3737,202.34,친일
홍승근,홍승근,친일,인물,6,1.9164,1.29,친일
홍승목,홍승목,친일,인물,13,4.0865,512.96,친일
홍승원,홍승원,친일,인물,54,9.6848,110.91,친일
홍영선,홍영선,친일,인물,16,3.8296,75.66,친일
홍영숙,홍영숙,항일,인물,5,3.5002,0.67,항일
홍용식,홍용식,항일,인물,17,8.1444,35.56,항일
홍우석,홍우석,친일,인물,10,2.9454,79.27,친일
홍운표,홍운표,친일,인물,14,3.3991,3.76,친일
홍윤조,홍윤조,친일,인물,21,5.0063,9.86,친일
홍익선,홍익선,항일,인물,3,2.4072,0.0,항일
홍인석,홍인석,친일,인물,17,4.2752,32.53,친일
홍재하,홍재하,친일,인물,7,2.1394,10.77,친일
홍종국,홍종국,친일,인물,23,4.8191,51.32,친일
홍종억,홍종억,친일,인물,10,2.9369,17.62,친일
홍종철,홍종철,친일,인물,8,2.3495,1.42,친일
홍준표,홍준표,친일,인물,13,3.158,6.11,친일
홍청파,홍청파,친일,인물,6,2.2058,1.05,친일
홍충현,홍충현,친일,인물,21,4.618,85.79,친일
홍치업,홍치업,친일,인물,24,4.993,38.81,친일
홍태식,홍태식,항일,인물,11,5.8337,2.69,항일
홍희,홍희,친일,인물,26,6.0514,518.94,친일
황규성,황규성,항일,인물,3,2.4072,0.0,항일
황금룡,황금룡,친일,인물,3,1.4625,0.44,친일
황기언,황기언,항일,인물,3,2.4072,0.0,항일
황덕순,황덕순,친일,인물,4,1.6501,1.45,친일
황락중,황락중,항일,인물,4,2.9085,0.13,항일
황상규,황상규,항일,인물,10,4.8951,21.44,항일
황의명,황의명,친일,인물,13,3.3251,2.58,친일
황인섭,황인섭,항일,인물,4,2.9085,0.13,항일
황종국,황종국,친일,인물,18,3.9386,18.43,친일
황종률,황종률,친일,인물,7,2.149,1.56,친일
황준길,황준길,항일,인물,4,2.982,0.0,항일
황학수,황학수,항일,인물,5,3.431,28.18,항일
황해용,황해용,항일,인물,3,2.4072,0.0,항일
황후길,황후길,항일,인물,7,4.5176,2.12,항일
흥아보국단,흥아보국단,미상,단체,85,14.8957,467.83,기타
